file,line,type,commit,author,date,time,timezone,datetime,depth,length
style.css,1,css,56d2e576,Vishal Rana,2025-10-10,15:46:03,-07:00,2025-10-10T15:46:03-07:00,0,4
style.css,2,css,56d2e576,Vishal Rana,2025-10-10,15:46:03,-07:00,2025-10-10T15:46:03-07:00,1,32
style.css,3,css,56d2e576,Vishal Rana,2025-10-10,15:46:03,-07:00,2025-10-10T15:46:03-07:00,1,32
style.css,4,css,56d2e576,Vishal Rana,2025-10-10,15:46:03,-07:00,2025-10-10T15:46:03-07:00,0,0
style.css,5,css,56d2e576,Vishal Rana,2025-10-10,15:46:03,-07:00,2025-10-10T15:46:03-07:00,0,0
style.css,6,css,4bdd2da0,Vishal Rana,2025-10-02,13:28:19,-07:00,2025-10-02T13:28:19-07:00,0,4
style.css,7,css,4bdd2da0,Vishal Rana,2025-10-02,13:28:19,-07:00,2025-10-02T13:28:19-07:00,2,23
style.css,8,css,6c2754c5,Vishal Rana,2025-10-10,18:59:58,-07:00,2025-10-10T18:59:58-07:00,1,14
style.css,9,css,6c2754c5,Vishal Rana,2025-10-10,18:59:58,-07:00,2025-10-10T18:59:58-07:00,1,18
style.css,10,css,56d2e576,Vishal Rana,2025-10-10,15:46:03,-07:00,2025-10-10T15:46:03-07:00,0,0
style.css,11,css,6c2754c5,Vishal Rana,2025-10-10,18:59:58,-07:00,2025-10-10T18:59:58-07:00,0,0
style.css,12,css,6c2754c5,Vishal Rana,2025-10-10,18:59:58,-07:00,2025-10-10T18:59:58-07:00,1,19
style.css,13,css,56d2e576,Vishal Rana,2025-10-10,15:46:03,-07:00,2025-10-10T15:46:03-07:00,1,0
style.css,14,css,56d2e576,Vishal Rana,2025-10-10,15:46:03,-07:00,2025-10-10T15:46:03-07:00,0,0
style.css,15,css,56d2e576,Vishal Rana,2025-10-10,15:46:03,-07:00,2025-10-10T15:46:03-07:00,1,3
style.css,16,css,6c2754c5,Vishal Rana,2025-10-10,18:59:58,-07:00,2025-10-10T18:59:58-07:00,2,12
style.css,17,css,6c2754c5,Vishal Rana,2025-10-10,18:59:58,-07:00,2025-10-10T18:59:58-07:00,2,28
style.css,18,css,6c2754c5,Vishal Rana,2025-10-10,18:59:58,-07:00,2025-10-10T18:59:58-07:00,2,18
style.css,19,css,6c2754c5,Vishal Rana,2025-10-10,18:59:58,-07:00,2025-10-10T18:59:58-07:00,2,13
style.css,20,css,56d2e576,Vishal Rana,2025-10-10,15:46:03,-07:00,2025-10-10T15:46:03-07:00,2,18
style.css,21,css,56d2e576,Vishal Rana,2025-10-10,15:46:03,-07:00,2025-10-10T15:46:03-07:00,2,41
style.css,22,css,56d2e576,Vishal Rana,2025-10-10,15:46:03,-07:00,2025-10-10T15:46:03-07:00,1,0
style.css,23,css,56d2e576,Vishal Rana,2025-10-10,15:46:03,-07:00,2025-10-10T15:46:03-07:00,1,5
style.css,24,css,6c2754c5,Vishal Rana,2025-10-10,18:59:58,-07:00,2025-10-10T18:59:58-07:00,2,6
style.css,25,css,6c2754c5,Vishal Rana,2025-10-10,18:59:58,-07:00,2025-10-10T18:59:58-07:00,2,13
style.css,26,css,6c2754c5,Vishal Rana,2025-10-10,18:59:58,-07:00,2025-10-10T18:59:58-07:00,2,17
style.css,27,css,6c2754c5,Vishal Rana,2025-10-10,18:59:58,-07:00,2025-10-10T18:59:58-07:00,2,20
style.css,28,css,56d2e576,Vishal Rana,2025-10-10,15:46:03,-07:00,2025-10-10T15:46:03-07:00,2,15
style.css,29,css,56d2e576,Vishal Rana,2025-10-10,15:46:03,-07:00,2025-10-10T15:46:03-07:00,2,13
style.css,30,css,56d2e576,Vishal Rana,2025-10-10,15:46:03,-07:00,2025-10-10T15:46:03-07:00,1,0
style.css,31,css,56d2e576,Vishal Rana,2025-10-10,15:46:03,-07:00,2025-10-10T15:46:03-07:00,1,13
style.css,32,css,6c2754c5,Vishal Rana,2025-10-10,18:59:58,-07:00,2025-10-10T18:59:58-07:00,2,43
style.css,33,css,56d2e576,Vishal Rana,2025-10-10,15:46:03,-07:00,2025-10-10T15:46:03-07:00,2,18
style.css,34,css,56d2e576,Vishal Rana,2025-10-10,15:46:03,-07:00,2025-10-10T15:46:03-07:00,1,0
style.css,35,css,56d2e576,Vishal Rana,2025-10-10,15:46:03,-07:00,2025-10-10T15:46:03-07:00,1,11
style.css,36,css,56d2e576,Vishal Rana,2025-10-10,15:46:03,-07:00,2025-10-10T15:46:03-07:00,2,45
style.css,37,css,56d2e576,Vishal Rana,2025-10-10,15:46:03,-07:00,2025-10-10T15:46:03-07:00,2,23
style.css,38,css,56d2e576,Vishal Rana,2025-10-10,15:46:03,-07:00,2025-10-10T15:46:03-07:00,2,18
style.css,39,css,56d2e576,Vishal Rana,2025-10-10,15:46:03,-07:00,2025-10-10T15:46:03-07:00,1,0
style.css,40,css,56d2e576,Vishal Rana,2025-10-10,15:46:03,-07:00,2025-10-10T15:46:03-07:00,1,9
style.css,41,css,56d2e576,Vishal Rana,2025-10-10,15:46:03,-07:00,2025-10-10T15:46:03-07:00,1,12
style.css,42,css,56d2e576,Vishal Rana,2025-10-10,15:46:03,-07:00,2025-10-10T15:46:03-07:00,1,11
style.css,43,css,6c2754c5,Vishal Rana,2025-10-10,18:59:58,-07:00,2025-10-10T18:59:58-07:00,2,12
style.css,44,css,56d2e576,Vishal Rana,2025-10-10,15:46:03,-07:00,2025-10-10T15:46:03-07:00,1,0
style.css,45,css,56d2e576,Vishal Rana,2025-10-10,15:46:03,-07:00,2025-10-10T15:46:03-07:00,1,4
style.css,46,css,56d2e576,Vishal Rana,2025-10-10,15:46:03,-07:00,2025-10-10T15:46:03-07:00,2,12
style.css,47,css,56d2e576,Vishal Rana,2025-10-10,15:46:03,-07:00,2025-10-10T15:46:03-07:00,2,30
style.css,48,css,56d2e576,Vishal Rana,2025-10-10,15:46:03,-07:00,2025-10-10T15:46:03-07:00,1,0
style.css,49,css,56d2e576,Vishal Rana,2025-10-10,15:46:03,-07:00,2025-10-10T15:46:03-07:00,1,0
style.css,50,css,56d2e576,Vishal Rana,2025-10-10,15:46:03,-07:00,2025-10-10T15:46:03-07:00,1,4
style.css,51,css,56d2e576,Vishal Rana,2025-10-10,15:46:03,-07:00,2025-10-10T15:46:03-07:00,0,16
style.css,52,css,56d2e576,Vishal Rana,2025-10-10,15:46:03,-07:00,2025-10-10T15:46:03-07:00,1,10
style.css,53,css,6c2754c5,Vishal Rana,2025-10-10,18:59:58,-07:00,2025-10-10T18:59:58-07:00,1,21
style.css,54,css,56d2e576,Vishal Rana,2025-10-10,15:46:03,-07:00,2025-10-10T15:46:03-07:00,1,17
style.css,55,css,56d2e576,Vishal Rana,2025-10-10,15:46:03,-07:00,2025-10-10T15:46:03-07:00,0,0
style.css,56,css,56d2e576,Vishal Rana,2025-10-10,15:46:03,-07:00,2025-10-10T15:46:03-07:00,1,5
style.css,57,css,56d2e576,Vishal Rana,2025-10-10,15:46:03,-07:00,2025-10-10T15:46:03-07:00,2,12
style.css,58,css,56d2e576,Vishal Rana,2025-10-10,15:46:03,-07:00,2025-10-10T15:46:03-07:00,2,29
style.css,59,css,6c2754c5,Vishal Rana,2025-10-10,18:59:58,-07:00,2025-10-10T18:59:58-07:00,2,18
style.css,60,css,56d2e576,Vishal Rana,2025-10-10,15:46:03,-07:00,2025-10-10T15:46:03-07:00,2,16
style.css,61,css,56d2e576,Vishal Rana,2025-10-10,15:46:03,-07:00,2025-10-10T15:46:03-07:00,1,0
style.css,62,css,56d2e576,Vishal Rana,2025-10-10,15:46:03,-07:00,2025-10-10T15:46:03-07:00,1,0
style.css,63,css,56d2e576,Vishal Rana,2025-10-10,15:46:03,-07:00,2025-10-10T15:46:03-07:00,0,6
style.css,64,css,6c2754c5,Vishal Rana,2025-10-10,18:59:58,-07:00,2025-10-10T18:59:58-07:00,1,18
style.css,65,css,6c2754c5,Vishal Rana,2025-10-10,18:59:58,-07:00,2025-10-10T18:59:58-07:00,1,18
style.css,66,css,f5b7afdd,Vishal Rana,2025-10-10,18:42:24,-07:00,2025-10-10T18:42:24-07:00,0,0
style.css,67,css,f5b7afdd,Vishal Rana,2025-10-10,18:42:24,-07:00,2025-10-10T18:42:24-07:00,0,8
style.css,68,css,f5b7afdd,Vishal Rana,2025-10-10,18:42:24,-07:00,2025-10-10T18:42:24-07:00,1,12
style.css,69,css,f5b7afdd,Vishal Rana,2025-10-10,18:42:24,-07:00,2025-10-10T18:42:24-07:00,1,58
style.css,70,css,f5b7afdd,Vishal Rana,2025-10-10,18:42:24,-07:00,2025-10-10T18:42:24-07:00,1,7
style.css,71,css,f5b7afdd,Vishal Rana,2025-10-10,18:42:24,-07:00,2025-10-10T18:42:24-07:00,0,0
style.css,72,css,f5b7afdd,Vishal Rana,2025-10-10,18:42:24,-07:00,2025-10-10T18:42:24-07:00,0,0
style.css,73,css,f5b7afdd,Vishal Rana,2025-10-10,18:42:24,-07:00,2025-10-10T18:42:24-07:00,0,16
style.css,74,css,f5b7afdd,Vishal Rana,2025-10-10,18:42:24,-07:00,2025-10-10T18:42:24-07:00,1,12
style.css,75,css,f5b7afdd,Vishal Rana,2025-10-10,18:42:24,-07:00,2025-10-10T18:42:24-07:00,1,26
style.css,76,css,f5b7afdd,Vishal Rana,2025-10-10,18:42:24,-07:00,2025-10-10T18:42:24-07:00,1,15
style.css,77,css,f5b7afdd,Vishal Rana,2025-10-10,18:42:24,-07:00,2025-10-10T18:42:24-07:00,0,0
style.css,78,css,f5b7afdd,Vishal Rana,2025-10-10,18:42:24,-07:00,2025-10-10T18:42:24-07:00,0,0
style.css,79,css,f5b7afdd,Vishal Rana,2025-10-10,18:42:24,-07:00,2025-10-10T18:42:24-07:00,0,19
style.css,80,css,f5b7afdd,Vishal Rana,2025-10-10,18:42:24,-07:00,2025-10-10T18:42:24-07:00,1,7
style.css,81,css,f5b7afdd,Vishal Rana,2025-10-10,18:42:24,-07:00,2025-10-10T18:42:24-07:00,1,9
style.css,82,css,f5b7afdd,Vishal Rana,2025-10-10,18:42:24,-07:00,2025-10-10T18:42:24-07:00,0,0
style.css,83,css,f5b7afdd,Vishal Rana,2025-10-10,18:42:24,-07:00,2025-10-10T18:42:24-07:00,0,2
style.css,84,css,6c2754c5,Vishal Rana,2025-10-10,18:59:58,-07:00,2025-10-10T18:59:58-07:00,1,14
style.css,85,css,6c2754c5,Vishal Rana,2025-10-10,18:59:58,-07:00,2025-10-10T18:59:58-07:00,1,15
style.css,86,css,6c2754c5,Vishal Rana,2025-10-10,18:59:58,-07:00,2025-10-10T18:59:58-07:00,1,17
style.css,87,css,6c2754c5,Vishal Rana,2025-10-10,18:59:58,-07:00,2025-10-10T18:59:58-07:00,1,17
style.css,88,css,f5b7afdd,Vishal Rana,2025-10-10,18:42:24,-07:00,2025-10-10T18:42:24-07:00,0,0
style.css,89,css,f5b7afdd,Vishal Rana,2025-10-10,18:42:24,-07:00,2025-10-10T18:42:24-07:00,0,22
style.css,90,css,6c2754c5,Vishal Rana,2025-10-10,18:59:58,-07:00,2025-10-10T18:59:58-07:00,1,15
style.css,91,css,6c2754c5,Vishal Rana,2025-10-10,18:59:58,-07:00,2025-10-10T18:59:58-07:00,1,17
style.css,92,css,6c2754c5,Vishal Rana,2025-10-10,18:59:58,-07:00,2025-10-10T18:59:58-07:00,1,12
style.css,93,css,6c2754c5,Vishal Rana,2025-10-10,18:59:58,-07:00,2025-10-10T18:59:58-07:00,1,19
style.css,94,css,6c2754c5,Vishal Rana,2025-10-10,18:59:58,-07:00,2025-10-10T18:59:58-07:00,0,0
style.css,95,css,6c2754c5,Vishal Rana,2025-10-10,18:59:58,-07:00,2025-10-10T18:59:58-07:00,0,4
style.css,96,css,6c2754c5,Vishal Rana,2025-10-10,18:59:58,-07:00,2025-10-10T18:59:58-07:00,1,43
style.css,97,css,6c2754c5,Vishal Rana,2025-10-10,18:59:58,-07:00,2025-10-10T18:59:58-07:00,1,15
style.css,98,css,6c2754c5,Vishal Rana,2025-10-10,18:59:58,-07:00,2025-10-10T18:59:58-07:00,1,10
style.css,99,css,6c2754c5,Vishal Rana,2025-10-10,18:59:58,-07:00,2025-10-10T18:59:58-07:00,1,24
style.css,100,css,6c2754c5,Vishal Rana,2025-10-10,18:59:58,-07:00,2025-10-10T18:59:58-07:00,1,11
style.css,101,css,6c2754c5,Vishal Rana,2025-10-10,18:59:58,-07:00,2025-10-10T18:59:58-07:00,0,0
style.css,102,css,6c2754c5,Vishal Rana,2025-10-10,18:59:58,-07:00,2025-10-10T18:59:58-07:00,0,0
style.css,103,css,6c2754c5,Vishal Rana,2025-10-10,18:59:58,-07:00,2025-10-10T18:59:58-07:00,0,3
style.css,104,css,6c2754c5,Vishal Rana,2025-10-10,18:59:58,-07:00,2025-10-10T18:59:58-07:00,1,12
style.css,105,css,6c2754c5,Vishal Rana,2025-10-10,18:59:58,-07:00,2025-10-10T18:59:58-07:00,1,22
style.css,106,css,6c2754c5,Vishal Rana,2025-10-10,18:59:58,-07:00,2025-10-10T18:59:58-07:00,1,7
style.css,107,css,6c2754c5,Vishal Rana,2025-10-10,18:59:58,-07:00,2025-10-10T18:59:58-07:00,1,17
style.css,108,css,6c2754c5,Vishal Rana,2025-10-10,18:59:58,-07:00,2025-10-10T18:59:58-07:00,1,14
style.css,109,css,f5b7afdd,Vishal Rana,2025-10-10,18:42:24,-07:00,2025-10-10T18:42:24-07:00,0,0
style.css,110,css,6c2754c5,Vishal Rana,2025-10-10,18:59:58,-07:00,2025-10-10T18:59:58-07:00,0,0
style.css,111,css,6c2754c5,Vishal Rana,2025-10-10,18:59:58,-07:00,2025-10-10T18:59:58-07:00,0,5
style.css,112,css,6c2754c5,Vishal Rana,2025-10-10,18:59:58,-07:00,2025-10-10T18:59:58-07:00,1,20
style.css,113,css,6c2754c5,Vishal Rana,2025-10-10,18:59:58,-07:00,2025-10-10T18:59:58-07:00,1,10
style.css,114,css,6c2754c5,Vishal Rana,2025-10-10,18:59:58,-07:00,2025-10-10T18:59:58-07:00,1,16
style.css,115,css,6c2754c5,Vishal Rana,2025-10-10,18:59:58,-07:00,2025-10-10T18:59:58-07:00,1,20
style.css,116,css,6c2754c5,Vishal Rana,2025-10-10,18:59:58,-07:00,2025-10-10T18:59:58-07:00,0,0
style.css,117,css,6c2754c5,Vishal Rana,2025-10-10,18:59:58,-07:00,2025-10-10T18:59:58-07:00,0,0
style.css,118,css,6c2754c5,Vishal Rana,2025-10-10,18:59:58,-07:00,2025-10-10T18:59:58-07:00,0,13
style.css,119,css,6c2754c5,Vishal Rana,2025-10-10,18:59:58,-07:00,2025-10-10T18:59:58-07:00,1,11
style.css,120,css,6c2754c5,Vishal Rana,2025-10-10,18:59:58,-07:00,2025-10-10T18:59:58-07:00,1,24
style.css,121,css,6c2754c5,Vishal Rana,2025-10-10,18:59:58,-07:00,2025-10-10T18:59:58-07:00,1,20
style.css,122,css,6c2754c5,Vishal Rana,2025-10-10,18:59:58,-07:00,2025-10-10T18:59:58-07:00,0,0
style.css,123,css,6c2754c5,Vishal Rana,2025-10-10,18:59:58,-07:00,2025-10-10T18:59:58-07:00,0,0
style.css,124,css,6c2754c5,Vishal Rana,2025-10-10,18:59:58,-07:00,2025-10-10T18:59:58-07:00,0,0
style.css,125,css,6c2754c5,Vishal Rana,2025-10-10,18:59:58,-07:00,2025-10-10T18:59:58-07:00,0,6
style.css,126,css,6c2754c5,Vishal Rana,2025-10-10,18:59:58,-07:00,2025-10-10T18:59:58-07:00,1,13
style.css,127,css,6c2754c5,Vishal Rana,2025-10-10,18:59:58,-07:00,2025-10-10T18:59:58-07:00,1,17
style.css,128,css,6c2754c5,Vishal Rana,2025-10-10,18:59:58,-07:00,2025-10-10T18:59:58-07:00,1,17
style.css,129,css,6c2754c5,Vishal Rana,2025-10-10,18:59:58,-07:00,2025-10-10T18:59:58-07:00,0,0
style.css,130,css,6c2754c5,Vishal Rana,2025-10-10,18:59:58,-07:00,2025-10-10T18:59:58-07:00,0,0
style.css,131,css,6c2754c5,Vishal Rana,2025-10-10,18:59:58,-07:00,2025-10-10T18:59:58-07:00,0,2
style.css,132,css,6c2754c5,Vishal Rana,2025-10-10,18:59:58,-07:00,2025-10-10T18:59:58-07:00,1,14
style.css,133,css,6c2754c5,Vishal Rana,2025-10-10,18:59:58,-07:00,2025-10-10T18:59:58-07:00,1,15
style.css,134,css,6c2754c5,Vishal Rana,2025-10-10,18:59:58,-07:00,2025-10-10T18:59:58-07:00,1,20
style.css,135,css,6c2754c5,Vishal Rana,2025-10-10,18:59:58,-07:00,2025-10-10T18:59:58-07:00,0,0
style.css,136,css,6c2754c5,Vishal Rana,2025-10-10,18:59:58,-07:00,2025-10-10T18:59:58-07:00,0,0
style.css,137,css,6c2754c5,Vishal Rana,2025-10-10,18:59:58,-07:00,2025-10-10T18:59:58-07:00,0,2
style.css,138,css,6c2754c5,Vishal Rana,2025-10-10,18:59:58,-07:00,2025-10-10T18:59:58-07:00,1,14
style.css,139,css,6c2754c5,Vishal Rana,2025-10-10,18:59:58,-07:00,2025-10-10T18:59:58-07:00,1,15
style.css,140,css,6c2754c5,Vishal Rana,2025-10-10,18:59:58,-07:00,2025-10-10T18:59:58-07:00,1,20
style.css,141,css,6c2754c5,Vishal Rana,2025-10-10,18:59:58,-07:00,2025-10-10T18:59:58-07:00,0,0
style.css,142,css,6c2754c5,Vishal Rana,2025-10-10,18:59:58,-07:00,2025-10-10T18:59:58-07:00,0,0
style.css,143,css,6c2754c5,Vishal Rana,2025-10-10,18:59:58,-07:00,2025-10-10T18:59:58-07:00,0,2
style.css,144,css,6c2754c5,Vishal Rana,2025-10-10,18:59:58,-07:00,2025-10-10T18:59:58-07:00,1,17
style.css,145,css,6c2754c5,Vishal Rana,2025-10-10,18:59:58,-07:00,2025-10-10T18:59:58-07:00,1,15
style.css,146,css,6c2754c5,Vishal Rana,2025-10-10,18:59:58,-07:00,2025-10-10T18:59:58-07:00,1,19
style.css,147,css,6c2754c5,Vishal Rana,2025-10-10,18:59:58,-07:00,2025-10-10T18:59:58-07:00,0,0
style.css,148,css,6c2754c5,Vishal Rana,2025-10-10,18:59:58,-07:00,2025-10-10T18:59:58-07:00,0,0
style.css,149,css,6c2754c5,Vishal Rana,2025-10-10,18:59:58,-07:00,2025-10-10T18:59:58-07:00,0,0
style.css,150,css,6c2754c5,Vishal Rana,2025-10-10,18:59:58,-07:00,2025-10-10T18:59:58-07:00,0,7
style.css,151,css,6c2754c5,Vishal Rana,2025-10-10,18:59:58,-07:00,2025-10-10T18:59:58-07:00,1,17
style.css,152,css,6c2754c5,Vishal Rana,2025-10-10,18:59:58,-07:00,2025-10-10T18:59:58-07:00,0,0
style.css,153,css,6c2754c5,Vishal Rana,2025-10-10,18:59:58,-07:00,2025-10-10T18:59:58-07:00,0,0
style.css,154,css,6c2754c5,Vishal Rana,2025-10-10,18:59:58,-07:00,2025-10-10T18:59:58-07:00,0,21
style.css,155,css,6c2754c5,Vishal Rana,2025-10-10,18:59:58,-07:00,2025-10-10T18:59:58-07:00,1,12
style.css,156,css,6c2754c5,Vishal Rana,2025-10-10,18:59:58,-07:00,2025-10-10T18:59:58-07:00,1,29
style.css,157,css,6c2754c5,Vishal Rana,2025-10-10,18:59:58,-07:00,2025-10-10T18:59:58-07:00,1,18
style.css,158,css,6c2754c5,Vishal Rana,2025-10-10,18:59:58,-07:00,2025-10-10T18:59:58-07:00,1,19
style.css,159,css,6c2754c5,Vishal Rana,2025-10-10,18:59:58,-07:00,2025-10-10T18:59:58-07:00,1,14
style.css,160,css,6c2754c5,Vishal Rana,2025-10-10,18:59:58,-07:00,2025-10-10T18:59:58-07:00,0,0
style.css,161,css,6c2754c5,Vishal Rana,2025-10-10,18:59:58,-07:00,2025-10-10T18:59:58-07:00,0,0
style.css,162,css,6c2754c5,Vishal Rana,2025-10-10,18:59:58,-07:00,2025-10-10T18:59:58-07:00,0,16
style.css,163,css,6c2754c5,Vishal Rana,2025-10-10,18:59:58,-07:00,2025-10-10T18:59:58-07:00,0,18
style.css,164,css,6c2754c5,Vishal Rana,2025-10-10,18:59:58,-07:00,2025-10-10T18:59:58-07:00,1,19
style.css,165,css,6c2754c5,Vishal Rana,2025-10-10,18:59:58,-07:00,2025-10-10T18:59:58-07:00,0,0
style.css,166,css,6c2754c5,Vishal Rana,2025-10-10,18:59:58,-07:00,2025-10-10T18:59:58-07:00,0,0
style.css,167,css,6c2754c5,Vishal Rana,2025-10-10,18:59:58,-07:00,2025-10-10T18:59:58-07:00,0,0
style.css,168,css,6c2754c5,Vishal Rana,2025-10-10,18:59:58,-07:00,2025-10-10T18:59:58-07:00,0,2
style.css,169,css,6c2754c5,Vishal Rana,2025-10-10,18:59:58,-07:00,2025-10-10T18:59:58-07:00,1,18
style.css,170,css,6c2754c5,Vishal Rana,2025-10-10,18:59:58,-07:00,2025-10-10T18:59:58-07:00,1,20
style.css,171,css,6c2754c5,Vishal Rana,2025-10-10,18:59:58,-07:00,2025-10-10T18:59:58-07:00,0,0
style.css,172,css,6c2754c5,Vishal Rana,2025-10-10,18:59:58,-07:00,2025-10-10T18:59:58-07:00,0,0
style.css,173,css,6c2754c5,Vishal Rana,2025-10-10,18:59:58,-07:00,2025-10-10T18:59:58-07:00,0,2
style.css,174,css,6c2754c5,Vishal Rana,2025-10-10,18:59:58,-07:00,2025-10-10T18:59:58-07:00,1,20
style.css,175,css,6c2754c5,Vishal Rana,2025-10-10,18:59:58,-07:00,2025-10-10T18:59:58-07:00,0,0
style.css,176,css,6c2754c5,Vishal Rana,2025-10-10,18:59:58,-07:00,2025-10-10T18:59:58-07:00,0,0
style.css,177,css,6c2754c5,Vishal Rana,2025-10-10,18:59:58,-07:00,2025-10-10T18:59:58-07:00,0,0
style.css,178,css,6c2754c5,Vishal Rana,2025-10-10,18:59:58,-07:00,2025-10-10T18:59:58-07:00,0,15
style.css,179,css,6c2754c5,Vishal Rana,2025-10-10,18:59:58,-07:00,2025-10-10T18:59:58-07:00,1,11
style.css,180,css,6c2754c5,Vishal Rana,2025-10-10,18:59:58,-07:00,2025-10-10T18:59:58-07:00,1,17
style.css,181,css,6c2754c5,Vishal Rana,2025-10-10,18:59:58,-07:00,2025-10-10T18:59:58-07:00,0,0
style.css,182,css,6c2754c5,Vishal Rana,2025-10-10,18:59:58,-07:00,2025-10-10T18:59:58-07:00,0,0
style.css,183,css,6c2754c5,Vishal Rana,2025-10-10,18:59:58,-07:00,2025-10-10T18:59:58-07:00,0,0
style.css,184,css,6c2754c5,Vishal Rana,2025-10-10,18:59:58,-07:00,2025-10-10T18:59:58-07:00,0,8
style.css,185,css,6c2754c5,Vishal Rana,2025-10-10,18:59:58,-07:00,2025-10-10T18:59:58-07:00,1,13
style.css,186,css,6c2754c5,Vishal Rana,2025-10-10,18:59:58,-07:00,2025-10-10T18:59:58-07:00,1,20
style.css,187,css,6c2754c5,Vishal Rana,2025-10-10,18:59:58,-07:00,2025-10-10T18:59:58-07:00,0,0
style.css,188,css,6c2754c5,Vishal Rana,2025-10-10,18:59:58,-07:00,2025-10-10T18:59:58-07:00,0,0
style.css,189,css,6c2754c5,Vishal Rana,2025-10-10,18:59:58,-07:00,2025-10-10T18:59:58-07:00,0,14
style.css,190,css,6c2754c5,Vishal Rana,2025-10-10,18:59:58,-07:00,2025-10-10T18:59:58-07:00,1,25
style.css,191,css,6c2754c5,Vishal Rana,2025-10-10,18:59:58,-07:00,2025-10-10T18:59:58-07:00,0,0
style.css,192,css,6c2754c5,Vishal Rana,2025-10-10,18:59:58,-07:00,2025-10-10T18:59:58-07:00,0,0
style.css,193,css,6c2754c5,Vishal Rana,2025-10-10,18:59:58,-07:00,2025-10-10T18:59:58-07:00,0,0
style.css,194,css,6c2754c5,Vishal Rana,2025-10-10,18:59:58,-07:00,2025-10-10T18:59:58-07:00,1,2
style.css,195,css,6c2754c5,Vishal Rana,2025-10-10,18:59:58,-07:00,2025-10-10T18:59:58-07:00,2,14
style.css,196,css,6c2754c5,Vishal Rana,2025-10-10,18:59:58,-07:00,2025-10-10T18:59:58-07:00,1,0
style.css,197,css,6c2754c5,Vishal Rana,2025-10-10,18:59:58,-07:00,2025-10-10T18:59:58-07:00,0,0
style.css,198,css,6c2754c5,Vishal Rana,2025-10-10,18:59:58,-07:00,2025-10-10T18:59:58-07:00,1,2
style.css,199,css,6c2754c5,Vishal Rana,2025-10-10,18:59:58,-07:00,2025-10-10T18:59:58-07:00,2,17
style.css,200,css,6c2754c5,Vishal Rana,2025-10-10,18:59:58,-07:00,2025-10-10T18:59:58-07:00,1,0
style.css,201,css,6c2754c5,Vishal Rana,2025-10-10,18:59:58,-07:00,2025-10-10T18:59:58-07:00,0,0
style.css,202,css,6c2754c5,Vishal Rana,2025-10-10,18:59:58,-07:00,2025-10-10T18:59:58-07:00,1,2
style.css,203,css,6c2754c5,Vishal Rana,2025-10-10,18:59:58,-07:00,2025-10-10T18:59:58-07:00,2,16
style.css,204,css,6c2754c5,Vishal Rana,2025-10-10,18:59:58,-07:00,2025-10-10T18:59:58-07:00,1,0
style.css,205,css,56b67f63,Vishal Rana,2025-10-17,16:15:50,-07:00,2025-10-17T16:15:50-07:00,0,0
style.css,206,css,56b67f63,Vishal Rana,2025-10-17,16:15:50,-07:00,2025-10-17T16:15:50-07:00,1,26
style.css,207,css,56b67f63,Vishal Rana,2025-10-17,16:15:50,-07:00,2025-10-17T16:15:50-07:00,0,4
style.css,208,css,56b67f63,Vishal Rana,2025-10-17,16:15:50,-07:00,2025-10-17T16:15:50-07:00,1,23
style.css,209,css,56b67f63,Vishal Rana,2025-10-17,16:15:50,-07:00,2025-10-17T16:15:50-07:00,0,0
style.css,210,css,56b67f63,Vishal Rana,2025-10-17,16:15:50,-07:00,2025-10-17T16:15:50-07:00,0,0
style.css,211,css,56b67f63,Vishal Rana,2025-10-17,16:15:50,-07:00,2025-10-17T16:15:50-07:00,0,36
style.css,212,css,56b67f63,Vishal Rana,2025-10-17,16:15:50,-07:00,2025-10-17T16:15:50-07:00,0,5
style.css,213,css,56b67f63,Vishal Rana,2025-10-17,16:15:50,-07:00,2025-10-17T16:15:50-07:00,1,46
style.css,214,css,56b67f63,Vishal Rana,2025-10-17,16:15:50,-07:00,2025-10-17T16:15:50-07:00,1,40
style.css,215,css,56b67f63,Vishal Rana,2025-10-17,16:15:50,-07:00,2025-10-17T16:15:50-07:00,1,60
style.css,216,css,56b67f63,Vishal Rana,2025-10-17,16:15:50,-07:00,2025-10-17T16:15:50-07:00,1,56
style.css,217,css,56b67f63,Vishal Rana,2025-10-17,16:15:50,-07:00,2025-10-17T16:15:50-07:00,0,0
style.css,218,css,56b67f63,Vishal Rana,2025-10-17,16:15:50,-07:00,2025-10-17T16:15:50-07:00,0,0
style.css,219,css,56b67f63,Vishal Rana,2025-10-17,16:15:50,-07:00,2025-10-17T16:15:50-07:00,0,4
style.css,220,css,56b67f63,Vishal Rana,2025-10-17,16:15:50,-07:00,2025-10-17T16:15:50-07:00,1,32
style.css,221,css,56b67f63,Vishal Rana,2025-10-17,16:15:50,-07:00,2025-10-17T16:15:50-07:00,1,23
style.css,222,css,56b67f63,Vishal Rana,2025-10-17,16:15:50,-07:00,2025-10-17T16:15:50-07:00,1,8
style.css,223,css,56b67f63,Vishal Rana,2025-10-17,16:15:50,-07:00,2025-10-17T16:15:50-07:00,1,22
style.css,224,css,56b67f63,Vishal Rana,2025-10-17,16:15:50,-07:00,2025-10-17T16:15:50-07:00,0,0
style.css,225,css,56b67f63,Vishal Rana,2025-10-17,16:15:50,-07:00,2025-10-17T16:15:50-07:00,0,0
style.css,226,css,56b67f63,Vishal Rana,2025-10-17,16:15:50,-07:00,2025-10-17T16:15:50-07:00,0,25
style.css,227,css,56b67f63,Vishal Rana,2025-10-17,16:15:50,-07:00,2025-10-17T16:15:50-07:00,0,3
style.css,228,css,56b67f63,Vishal Rana,2025-10-17,16:15:50,-07:00,2025-10-17T16:15:50-07:00,1,12
style.css,229,css,56b67f63,Vishal Rana,2025-10-17,16:15:50,-07:00,2025-10-17T16:15:50-07:00,1,7
style.css,230,css,56b67f63,Vishal Rana,2025-10-17,16:15:50,-07:00,2025-10-17T16:15:50-07:00,1,11
style.css,231,css,56b67f63,Vishal Rana,2025-10-17,16:15:50,-07:00,2025-10-17T16:15:50-07:00,1,43
style.css,232,css,56b67f63,Vishal Rana,2025-10-17,16:15:50,-07:00,2025-10-17T16:15:50-07:00,0,0
style.css,233,css,56b67f63,Vishal Rana,2025-10-17,16:15:50,-07:00,2025-10-17T16:15:50-07:00,0,0
style.css,234,css,56b67f63,Vishal Rana,2025-10-17,16:15:50,-07:00,2025-10-17T16:15:50-07:00,0,5
style.css,235,css,56b67f63,Vishal Rana,2025-10-17,16:15:50,-07:00,2025-10-17T16:15:50-07:00,1,20
style.css,236,css,56b67f63,Vishal Rana,2025-10-17,16:15:50,-07:00,2025-10-17T16:15:50-07:00,1,23
style.css,237,css,56b67f63,Vishal Rana,2025-10-17,16:15:50,-07:00,2025-10-17T16:15:50-07:00,1,20
style.css,238,css,56b67f63,Vishal Rana,2025-10-17,16:15:50,-07:00,2025-10-17T16:15:50-07:00,1,17
style.css,239,css,56b67f63,Vishal Rana,2025-10-17,16:15:50,-07:00,2025-10-17T16:15:50-07:00,1,37
style.css,240,css,56b67f63,Vishal Rana,2025-10-17,16:15:50,-07:00,2025-10-17T16:15:50-07:00,0,0
style.css,241,css,56b67f63,Vishal Rana,2025-10-17,16:15:50,-07:00,2025-10-17T16:15:50-07:00,0,0
style.css,242,css,56b67f63,Vishal Rana,2025-10-17,16:15:50,-07:00,2025-10-17T16:15:50-07:00,0,29
style.css,243,css,56b67f63,Vishal Rana,2025-10-17,16:15:50,-07:00,2025-10-17T16:15:50-07:00,0,13
style.css,244,css,56b67f63,Vishal Rana,2025-10-17,16:15:50,-07:00,2025-10-17T16:15:50-07:00,1,16
style.css,245,css,56b67f63,Vishal Rana,2025-10-17,16:15:50,-07:00,2025-10-17T16:15:50-07:00,1,43
style.css,246,css,56b67f63,Vishal Rana,2025-10-17,16:15:50,-07:00,2025-10-17T16:15:50-07:00,0,0
style.css,247,css,56b67f63,Vishal Rana,2025-10-17,16:15:50,-07:00,2025-10-17T16:15:50-07:00,0,0
style.css,248,css,56b67f63,Vishal Rana,2025-10-17,16:15:50,-07:00,2025-10-17T16:15:50-07:00,0,44
style.css,249,css,56b67f63,Vishal Rana,2025-10-17,16:15:50,-07:00,2025-10-17T16:15:50-07:00,0,11
style.css,250,css,56b67f63,Vishal Rana,2025-10-17,16:15:50,-07:00,2025-10-17T16:15:50-07:00,1,69
style.css,251,css,56b67f63,Vishal Rana,2025-10-17,16:15:50,-07:00,2025-10-17T16:15:50-07:00,0,0
style.css,252,css,56b67f63,Vishal Rana,2025-10-17,16:15:50,-07:00,2025-10-17T16:15:50-07:00,0,0
style.css,253,css,56b67f63,Vishal Rana,2025-10-17,16:15:50,-07:00,2025-10-17T16:15:50-07:00,0,0
style.css,254,css,e0958a7f,Vishal Rana,2025-10-17,16:25:08,-07:00,2025-10-17T16:25:08-07:00,0,58
style.css,255,css,e0958a7f,Vishal Rana,2025-10-17,16:25:08,-07:00,2025-10-17T16:25:08-07:00,0,13
style.css,256,css,e0958a7f,Vishal Rana,2025-10-17,16:25:08,-07:00,2025-10-17T16:25:08-07:00,1,53
style.css,257,css,e0958a7f,Vishal Rana,2025-10-17,16:25:08,-07:00,2025-10-17T16:25:08-07:00,1,43
style.css,258,css,e0958a7f,Vishal Rana,2025-10-17,16:25:08,-07:00,2025-10-17T16:25:08-07:00,1,45
style.css,259,css,e0958a7f,Vishal Rana,2025-10-17,16:25:08,-07:00,2025-10-17T16:25:08-07:00,1,68
style.css,260,css,e0958a7f,Vishal Rana,2025-10-17,16:25:08,-07:00,2025-10-17T16:25:08-07:00,1,54
style.css,261,css,e0958a7f,Vishal Rana,2025-10-17,16:25:08,-07:00,2025-10-17T16:25:08-07:00,0,0
style.css,262,css,e0958a7f,Vishal Rana,2025-10-17,16:25:08,-07:00,2025-10-17T16:25:08-07:00,0,0
style.css,263,css,e0958a7f,Vishal Rana,2025-10-17,16:25:08,-07:00,2025-10-17T16:25:08-07:00,0,60
style.css,264,css,e0958a7f,Vishal Rana,2025-10-17,16:25:08,-07:00,2025-10-17T16:25:08-07:00,0,20
style.css,265,css,e0958a7f,Vishal Rana,2025-10-17,16:25:08,-07:00,2025-10-17T16:25:08-07:00,1,12
style.css,266,css,e0958a7f,Vishal Rana,2025-10-17,16:25:08,-07:00,2025-10-17T16:25:08-07:00,0,0
style.css,267,css,ce2e8fec,Vishal Rana,2025-10-25,19:38:54,-07:00,2025-10-25T19:38:54-07:00,0,0
style.css,268,css,ce2e8fec,Vishal Rana,2025-10-25,19:38:54,-07:00,2025-10-25T19:38:54-07:00,0,17
style.css,269,css,ce2e8fec,Vishal Rana,2025-10-25,19:38:54,-07:00,2025-10-25T19:38:54-07:00,1,12
style.css,270,css,ce2e8fec,Vishal Rana,2025-10-25,19:38:54,-07:00,2025-10-25T19:38:54-07:00,1,36
style.css,271,css,ce2e8fec,Vishal Rana,2025-10-25,19:38:54,-07:00,2025-10-25T19:38:54-07:00,1,10
style.css,272,css,ce2e8fec,Vishal Rana,2025-10-25,19:38:54,-07:00,2025-10-25T19:38:54-07:00,0,0
style.css,273,css,ce2e8fec,Vishal Rana,2025-10-25,19:38:54,-07:00,2025-10-25T19:38:54-07:00,0,17
style.css,274,css,ce2e8fec,Vishal Rana,2025-10-25,19:38:54,-07:00,2025-10-25T19:38:54-07:00,1,10
style.css,275,css,ce2e8fec,Vishal Rana,2025-10-25,19:38:54,-07:00,2025-10-25T19:38:54-07:00,1,16
style.css,276,css,ce2e8fec,Vishal Rana,2025-10-25,19:38:54,-07:00,2025-10-25T19:38:54-07:00,1,17
style.css,277,css,ce2e8fec,Vishal Rana,2025-10-25,19:38:54,-07:00,2025-10-25T19:38:54-07:00,0,0
style.css,278,css,ce2e8fec,Vishal Rana,2025-10-25,19:38:54,-07:00,2025-10-25T19:38:54-07:00,0,17
style.css,279,css,ce2e8fec,Vishal Rana,2025-10-25,19:38:54,-07:00,2025-10-25T19:38:54-07:00,1,10
style.css,280,css,ce2e8fec,Vishal Rana,2025-10-25,19:38:54,-07:00,2025-10-25T19:38:54-07:00,1,17
style.css,281,css,ce2e8fec,Vishal Rana,2025-10-25,19:38:54,-07:00,2025-10-25T19:38:54-07:00,1,8
style.css,282,css,ce2e8fec,Vishal Rana,2025-10-25,19:38:54,-07:00,2025-10-25T19:38:54-07:00,0,0
style.css,283,css,57c87954,Vishal Rana,2025-10-31,19:01:38,-07:00,2025-10-31T19:01:38-07:00,0,7
style.css,284,css,57c87954,Vishal Rana,2025-10-31,19:01:38,-07:00,2025-10-31T19:01:38-07:00,1,12
style.css,285,css,57c87954,Vishal Rana,2025-10-31,19:01:38,-07:00,2025-10-31T19:01:38-07:00,1,21
style.css,286,css,57c87954,Vishal Rana,2025-10-31,19:01:38,-07:00,2025-10-31T19:01:38-07:00,1,22
style.css,287,css,57c87954,Vishal Rana,2025-10-31,19:01:38,-07:00,2025-10-31T19:01:38-07:00,0,0
style.css,288,css,57c87954,Vishal Rana,2025-10-31,19:01:38,-07:00,2025-10-31T19:01:38-07:00,0,0
style.css,289,css,57c87954,Vishal Rana,2025-10-31,19:01:38,-07:00,2025-10-31T19:01:38-07:00,0,13
style.css,290,css,57c87954,Vishal Rana,2025-10-31,19:01:38,-07:00,2025-10-31T19:01:38-07:00,1,65
style.css,291,css,57c87954,Vishal Rana,2025-10-31,19:01:38,-07:00,2025-10-31T19:01:38-07:00,1,17
style.css,292,css,57c87954,Vishal Rana,2025-10-31,19:01:38,-07:00,2025-10-31T19:01:38-07:00,0,0
style.css,293,css,57c87954,Vishal Rana,2025-10-31,19:01:38,-07:00,2025-10-31T19:01:38-07:00,0,0
style.css,294,css,57c87954,Vishal Rana,2025-10-31,19:01:38,-07:00,2025-10-31T19:01:38-07:00,0,20
style.css,295,css,57c87954,Vishal Rana,2025-10-31,19:01:38,-07:00,2025-10-31T19:01:38-07:00,1,47
style.css,296,css,57c87954,Vishal Rana,2025-10-31,19:01:38,-07:00,2025-10-31T19:01:38-07:00,0,0
style.css,297,css,57c87954,Vishal Rana,2025-10-31,19:01:38,-07:00,2025-10-31T19:01:38-07:00,0,0
style.css,298,css,57c87954,Vishal Rana,2025-10-31,19:01:38,-07:00,2025-10-31T19:01:38-07:00,0,13
style.css,299,css,57c87954,Vishal Rana,2025-10-31,19:01:38,-07:00,2025-10-31T19:01:38-07:00,1,10
style.css,300,css,57c87954,Vishal Rana,2025-10-31,19:01:38,-07:00,2025-10-31T19:01:38-07:00,1,17
style.css,301,css,57c87954,Vishal Rana,2025-10-31,19:01:38,-07:00,2025-10-31T19:01:38-07:00,1,15
style.css,302,css,57c87954,Vishal Rana,2025-10-31,19:01:38,-07:00,2025-10-31T19:01:38-07:00,1,16
style.css,303,css,57c87954,Vishal Rana,2025-10-31,19:01:38,-07:00,2025-10-31T19:01:38-07:00,1,13
style.css,304,css,57c87954,Vishal Rana,2025-10-31,19:01:38,-07:00,2025-10-31T19:01:38-07:00,0,0
style.css,305,css,57c87954,Vishal Rana,2025-10-31,19:01:38,-07:00,2025-10-31T19:01:38-07:00,0,0
style.css,306,css,57c87954,Vishal Rana,2025-10-31,19:01:38,-07:00,2025-10-31T19:01:38-07:00,0,24
style.css,307,css,57c87954,Vishal Rana,2025-10-31,19:01:38,-07:00,2025-10-31T19:01:38-07:00,0,45
style.css,308,css,57c87954,Vishal Rana,2025-10-31,19:01:38,-07:00,2025-10-31T19:01:38-07:00,0,34
style.css,309,css,57c87954,Vishal Rana,2025-10-31,19:01:38,-07:00,2025-10-31T19:01:38-07:00,0,10
style.css,310,css,57c87954,Vishal Rana,2025-10-31,19:01:38,-07:00,2025-10-31T19:01:38-07:00,1,12
style.css,311,css,57c87954,Vishal Rana,2025-10-31,19:01:38,-07:00,2025-10-31T19:01:38-07:00,1,18
style.css,312,css,57c87954,Vishal Rana,2025-10-31,19:01:38,-07:00,2025-10-31T19:01:38-07:00,1,22
style.css,313,css,57c87954,Vishal Rana,2025-10-31,19:01:38,-07:00,2025-10-31T19:01:38-07:00,1,7
style.css,314,css,57c87954,Vishal Rana,2025-10-31,19:01:38,-07:00,2025-10-31T19:01:38-07:00,1,16
style.css,315,css,57c87954,Vishal Rana,2025-10-31,19:01:38,-07:00,2025-10-31T19:01:38-07:00,1,15
style.css,316,css,57c87954,Vishal Rana,2025-10-31,19:01:38,-07:00,2025-10-31T19:01:38-07:00,1,15
style.css,317,css,57c87954,Vishal Rana,2025-10-31,19:01:38,-07:00,2025-10-31T19:01:38-07:00,0,0
style.css,318,css,57c87954,Vishal Rana,2025-10-31,19:01:38,-07:00,2025-10-31T19:01:38-07:00,0,0
style.css,319,css,57c87954,Vishal Rana,2025-10-31,19:01:38,-07:00,2025-10-31T19:01:38-07:00,0,21
style.css,320,css,57c87954,Vishal Rana,2025-10-31,19:01:38,-07:00,2025-10-31T19:01:38-07:00,0,14
style.css,321,css,57c87954,Vishal Rana,2025-10-31,19:01:38,-07:00,2025-10-31T19:01:38-07:00,1,15
style.css,322,css,57c87954,Vishal Rana,2025-10-31,19:01:38,-07:00,2025-10-31T19:01:38-07:00,1,61
style.css,323,css,57c87954,Vishal Rana,2025-10-31,19:01:38,-07:00,2025-10-31T19:01:38-07:00,0,0
style.css,324,css,57c87954,Vishal Rana,2025-10-31,19:01:38,-07:00,2025-10-31T19:01:38-07:00,0,0
style.css,325,css,57c87954,Vishal Rana,2025-10-31,19:01:38,-07:00,2025-10-31T19:01:38-07:00,0,14
style.css,326,css,57c87954,Vishal Rana,2025-10-31,19:01:38,-07:00,2025-10-31T19:01:38-07:00,0,7
style.css,327,css,57c87954,Vishal Rana,2025-10-31,19:01:38,-07:00,2025-10-31T19:01:38-07:00,1,12
style.css,328,css,57c87954,Vishal Rana,2025-10-31,19:01:38,-07:00,2025-10-31T19:01:38-07:00,1,70
style.css,329,css,57c87954,Vishal Rana,2025-10-31,19:01:38,-07:00,2025-10-31T19:01:38-07:00,1,22
style.css,330,css,57c87954,Vishal Rana,2025-10-31,19:01:38,-07:00,2025-10-31T19:01:38-07:00,1,18
style.css,331,css,57c87954,Vishal Rana,2025-10-31,19:01:38,-07:00,2025-10-31T19:01:38-07:00,1,7
style.css,332,css,57c87954,Vishal Rana,2025-10-31,19:01:38,-07:00,2025-10-31T19:01:38-07:00,1,11
style.css,333,css,57c87954,Vishal Rana,2025-10-31,19:01:38,-07:00,2025-10-31T19:01:38-07:00,1,24
style.css,334,css,57c87954,Vishal Rana,2025-10-31,19:01:38,-07:00,2025-10-31T19:01:38-07:00,1,23
style.css,335,css,57c87954,Vishal Rana,2025-10-31,19:01:38,-07:00,2025-10-31T19:01:38-07:00,1,19
style.css,336,css,57c87954,Vishal Rana,2025-10-31,19:01:38,-07:00,2025-10-31T19:01:38-07:00,1,40
style.css,337,css,57c87954,Vishal Rana,2025-10-31,19:01:38,-07:00,2025-10-31T19:01:38-07:00,1,15
style.css,338,css,57c87954,Vishal Rana,2025-10-31,19:01:38,-07:00,2025-10-31T19:01:38-07:00,1,65
style.css,339,css,57c87954,Vishal Rana,2025-10-31,19:01:38,-07:00,2025-10-31T19:01:38-07:00,1,11
style.css,340,css,57c87954,Vishal Rana,2025-10-31,19:01:38,-07:00,2025-10-31T19:01:38-07:00,1,8
style.css,341,css,57c87954,Vishal Rana,2025-10-31,19:01:38,-07:00,2025-10-31T19:01:38-07:00,0,0
style.css,342,css,57c87954,Vishal Rana,2025-10-31,19:01:38,-07:00,2025-10-31T19:01:38-07:00,0,0
style.css,343,css,57c87954,Vishal Rana,2025-10-31,19:01:38,-07:00,2025-10-31T19:01:38-07:00,0,16
style.css,344,css,57c87954,Vishal Rana,2025-10-31,19:01:38,-07:00,2025-10-31T19:01:38-07:00,0,12
style.css,345,css,57c87954,Vishal Rana,2025-10-31,19:01:38,-07:00,2025-10-31T19:01:38-07:00,1,12
style.css,346,css,57c87954,Vishal Rana,2025-10-31,19:01:38,-07:00,2025-10-31T19:01:38-07:00,1,18
style.css,347,css,57c87954,Vishal Rana,2025-10-31,19:01:38,-07:00,2025-10-31T19:01:38-07:00,1,9
style.css,348,css,57c87954,Vishal Rana,2025-10-31,19:01:38,-07:00,2025-10-31T19:01:38-07:00,1,22
style.css,349,css,57c87954,Vishal Rana,2025-10-31,19:01:38,-07:00,2025-10-31T19:01:38-07:00,1,15
style.css,350,css,57c87954,Vishal Rana,2025-10-31,19:01:38,-07:00,2025-10-31T19:01:38-07:00,1,61
style.css,351,css,57c87954,Vishal Rana,2025-10-31,19:01:38,-07:00,2025-10-31T19:01:38-07:00,1,62
style.css,352,css,57c87954,Vishal Rana,2025-10-31,19:01:38,-07:00,2025-10-31T19:01:38-07:00,1,26
style.css,353,css,57c87954,Vishal Rana,2025-10-31,19:01:38,-07:00,2025-10-31T19:01:38-07:00,0,0
style.css,354,css,57c87954,Vishal Rana,2025-10-31,19:01:38,-07:00,2025-10-31T19:01:38-07:00,0,0
style.css,355,css,57c87954,Vishal Rana,2025-10-31,19:01:38,-07:00,2025-10-31T19:01:38-07:00,0,23
style.css,356,css,57c87954,Vishal Rana,2025-10-31,19:01:38,-07:00,2025-10-31T19:01:38-07:00,0,20
style.css,357,css,57c87954,Vishal Rana,2025-10-31,19:01:38,-07:00,2025-10-31T19:01:38-07:00,1,9
style.css,358,css,57c87954,Vishal Rana,2025-10-31,19:01:38,-07:00,2025-10-31T19:01:38-07:00,1,18
style.css,359,css,57c87954,Vishal Rana,2025-10-31,19:01:38,-07:00,2025-10-31T19:01:38-07:00,1,29
style.css,360,css,57c87954,Vishal Rana,2025-10-31,19:01:38,-07:00,2025-10-31T19:01:38-07:00,1,19
style.css,361,css,57c87954,Vishal Rana,2025-10-31,19:01:38,-07:00,2025-10-31T19:01:38-07:00,1,20
style.css,362,css,57c87954,Vishal Rana,2025-10-31,19:01:38,-07:00,2025-10-31T19:01:38-07:00,0,0
style.css,363,css,57c87954,Vishal Rana,2025-10-31,19:01:38,-07:00,2025-10-31T19:01:38-07:00,0,0
style.css,364,css,57c87954,Vishal Rana,2025-10-31,19:01:38,-07:00,2025-10-31T19:01:38-07:00,0,28
style.css,365,css,57c87954,Vishal Rana,2025-10-31,19:01:38,-07:00,2025-10-31T19:01:38-07:00,0,15
style.css,366,css,57c87954,Vishal Rana,2025-10-31,19:01:38,-07:00,2025-10-31T19:01:38-07:00,1,17
style.css,367,css,57c87954,Vishal Rana,2025-10-31,19:01:38,-07:00,2025-10-31T19:01:38-07:00,1,10
style.css,368,css,57c87954,Vishal Rana,2025-10-31,19:01:38,-07:00,2025-10-31T19:01:38-07:00,1,15
style.css,369,css,57c87954,Vishal Rana,2025-10-31,19:01:38,-07:00,2025-10-31T19:01:38-07:00,0,0
style.css,370,css,57c87954,Vishal Rana,2025-10-31,19:01:38,-07:00,2025-10-31T19:01:38-07:00,0,0
style.css,371,css,57c87954,Vishal Rana,2025-10-31,19:01:38,-07:00,2025-10-31T19:01:38-07:00,0,0
style.css,372,css,57c87954,Vishal Rana,2025-10-31,19:01:38,-07:00,2025-10-31T19:01:38-07:00,0,10
style.css,373,css,57c87954,Vishal Rana,2025-10-31,19:01:38,-07:00,2025-10-31T19:01:38-07:00,1,15
style.css,374,css,57c87954,Vishal Rana,2025-10-31,19:01:38,-07:00,2025-10-31T19:01:38-07:00,1,17
style.css,375,css,57c87954,Vishal Rana,2025-10-31,19:01:38,-07:00,2025-10-31T19:01:38-07:00,1,14
style.css,376,css,57c87954,Vishal Rana,2025-10-31,19:01:38,-07:00,2025-10-31T19:01:38-07:00,1,9
style.css,377,css,57c87954,Vishal Rana,2025-10-31,19:01:38,-07:00,2025-10-31T19:01:38-07:00,1,15
style.css,378,css,57c87954,Vishal Rana,2025-10-31,19:01:38,-07:00,2025-10-31T19:01:38-07:00,1,19
style.css,379,css,57c87954,Vishal Rana,2025-10-31,19:01:38,-07:00,2025-10-31T19:01:38-07:00,1,21
style.css,380,css,57c87954,Vishal Rana,2025-10-31,19:01:38,-07:00,2025-10-31T19:01:38-07:00,0,0
style.css,381,css,57c87954,Vishal Rana,2025-10-31,19:01:38,-07:00,2025-10-31T19:01:38-07:00,0,0
style.css,382,css,57c87954,Vishal Rana,2025-10-31,19:01:38,-07:00,2025-10-31T19:01:38-07:00,0,31
style.css,383,css,57c87954,Vishal Rana,2025-10-31,19:01:38,-07:00,2025-10-31T19:01:38-07:00,0,36
style.css,384,css,57c87954,Vishal Rana,2025-10-31,19:01:38,-07:00,2025-10-31T19:01:38-07:00,1,11
style.css,385,css,57c87954,Vishal Rana,2025-10-31,19:01:38,-07:00,2025-10-31T19:01:38-07:00,0,0
style.css,386,css,57c87954,Vishal Rana,2025-10-31,19:01:38,-07:00,2025-10-31T19:01:38-07:00,0,0
style.css,387,css,57c87954,Vishal Rana,2025-10-31,19:01:38,-07:00,2025-10-31T19:01:38-07:00,0,32
style.css,388,css,57c87954,Vishal Rana,2025-10-31,19:01:38,-07:00,2025-10-31T19:01:38-07:00,0,4
style.css,389,css,57c87954,Vishal Rana,2025-10-31,19:01:38,-07:00,2025-10-31T19:01:38-07:00,1,16
style.css,390,css,57c87954,Vishal Rana,2025-10-31,19:01:38,-07:00,2025-10-31T19:01:38-07:00,1,52
style.css,391,css,57c87954,Vishal Rana,2025-10-31,19:01:38,-07:00,2025-10-31T19:01:38-07:00,1,42
style.css,392,css,57c87954,Vishal Rana,2025-10-31,19:01:38,-07:00,2025-10-31T19:01:38-07:00,0,0
style.css,393,css,57c87954,Vishal Rana,2025-10-31,19:01:38,-07:00,2025-10-31T19:01:38-07:00,0,0
style.css,394,css,57c87954,Vishal Rana,2025-10-31,19:01:38,-07:00,2025-10-31T19:01:38-07:00,0,24
style.css,395,css,57c87954,Vishal Rana,2025-10-31,19:01:38,-07:00,2025-10-31T19:01:38-07:00,0,13
style.css,396,css,57c87954,Vishal Rana,2025-10-31,19:01:38,-07:00,2025-10-31T19:01:38-07:00,1,32
style.css,397,css,57c87954,Vishal Rana,2025-10-31,19:01:38,-07:00,2025-10-31T19:01:38-07:00,0,0
style.css,398,css,57c87954,Vishal Rana,2025-10-31,19:01:38,-07:00,2025-10-31T19:01:38-07:00,0,0
style.css,399,css,57c87954,Vishal Rana,2025-10-31,19:01:38,-07:00,2025-10-31T19:01:38-07:00,0,20
style.css,400,css,57c87954,Vishal Rana,2025-10-31,19:01:38,-07:00,2025-10-31T19:01:38-07:00,0,21
style.css,401,css,57c87954,Vishal Rana,2025-10-31,19:01:38,-07:00,2025-10-31T19:01:38-07:00,1,39
style.css,402,css,57c87954,Vishal Rana,2025-10-31,19:01:38,-07:00,2025-10-31T19:01:38-07:00,1,17
style.css,403,css,57c87954,Vishal Rana,2025-10-31,19:01:38,-07:00,2025-10-31T19:01:38-07:00,1,16
style.css,404,css,57c87954,Vishal Rana,2025-10-31,19:01:38,-07:00,2025-10-31T19:01:38-07:00,0,0
index.js,1,js,ce2e8fec,Vishal Rana,2025-10-25,19:38:54,-07:00,2025-10-25T19:38:54-07:00,0,71
index.js,2,js,ce2e8fec,Vishal Rana,2025-10-25,19:38:54,-07:00,2025-10-25T19:38:54-07:00,0,0
index.js,3,js,ce2e8fec,Vishal Rana,2025-10-25,19:38:54,-07:00,2025-10-25T19:38:54-07:00,0,35
index.js,4,js,ce2e8fec,Vishal Rana,2025-10-25,19:38:54,-07:00,2025-10-25T19:38:54-07:00,1,3
index.js,5,js,ce2e8fec,Vishal Rana,2025-10-25,19:38:54,-07:00,2025-10-25T19:38:54-07:00,2,54
index.js,6,js,ce2e8fec,Vishal Rana,2025-10-25,19:38:54,-07:00,2025-10-25T19:38:54-07:00,2,42
index.js,7,js,ce2e8fec,Vishal Rana,2025-10-25,19:38:54,-07:00,2025-10-25T19:38:54-07:00,2,60
index.js,8,js,ce2e8fec,Vishal Rana,2025-10-25,19:38:54,-07:00,2025-10-25T19:38:54-07:00,2,54
index.js,9,js,ce2e8fec,Vishal Rana,2025-10-25,19:38:54,-07:00,2025-10-25T19:38:54-07:00,1,15
index.js,10,js,ce2e8fec,Vishal Rana,2025-10-25,19:38:54,-07:00,2025-10-25T19:38:54-07:00,2,53
index.js,11,js,ce2e8fec,Vishal Rana,2025-10-25,19:38:54,-07:00,2025-10-25T19:38:54-07:00,1,0
index.js,12,js,ce2e8fec,Vishal Rana,2025-10-25,19:38:54,-07:00,2025-10-25T19:38:54-07:00,0,0
index.js,13,js,ce2e8fec,Vishal Rana,2025-10-25,19:38:54,-07:00,2025-10-25T19:38:54-07:00,0,0
index.js,14,js,ce2e8fec,Vishal Rana,2025-10-25,19:38:54,-07:00,2025-10-25T19:38:54-07:00,0,19
index.js,15,js,ce2e8fec,Vishal Rana,2025-10-25,19:38:54,-07:00,2025-10-25T19:38:54-07:00,0,0
index.js,16,js,ce2e8fec,Vishal Rana,2025-10-25,19:38:54,-07:00,2025-10-25T19:38:54-07:00,0,32
index.js,17,js,ce2e8fec,Vishal Rana,2025-10-25,19:38:54,-07:00,2025-10-25T19:38:54-07:00,2,3
index.js,18,js,ce2e8fec,Vishal Rana,2025-10-25,19:38:54,-07:00,2025-10-25T19:38:54-07:00,4,73
index.js,19,js,ce2e8fec,Vishal Rana,2025-10-25,19:38:54,-07:00,2025-10-25T19:38:54-07:00,4,60
index.js,20,js,ce2e8fec,Vishal Rana,2025-10-25,19:38:54,-07:00,2025-10-25T19:38:54-07:00,0,0
index.js,21,js,ce2e8fec,Vishal Rana,2025-10-25,19:38:54,-07:00,2025-10-25T19:38:54-07:00,4,17
index.js,22,js,ce2e8fec,Vishal Rana,2025-10-25,19:38:54,-07:00,2025-10-25T19:38:54-07:00,6,24
index.js,23,js,ce2e8fec,Vishal Rana,2025-10-25,19:38:54,-07:00,2025-10-25T19:38:54-07:00,8,2
index.js,24,js,ce2e8fec,Vishal Rana,2025-10-25,19:38:54,-07:00,2025-10-25T19:38:54-07:00,9,55
index.js,25,js,ce2e8fec,Vishal Rana,2025-10-25,19:38:54,-07:00,2025-10-25T19:38:54-07:00,9,55
index.js,26,js,ce2e8fec,Vishal Rana,2025-10-25,19:38:54,-07:00,2025-10-25T19:38:54-07:00,9,49
index.js,27,js,ce2e8fec,Vishal Rana,2025-10-25,19:38:54,-07:00,2025-10-25T19:38:54-07:00,9,49
index.js,28,js,ce2e8fec,Vishal Rana,2025-10-25,19:38:54,-07:00,2025-10-25T19:38:54-07:00,8,3
index.js,29,js,ce2e8fec,Vishal Rana,2025-10-25,19:38:54,-07:00,2025-10-25T19:38:54-07:00,6,0
index.js,30,js,ce2e8fec,Vishal Rana,2025-10-25,19:38:54,-07:00,2025-10-25T19:38:54-07:00,4,0
index.js,31,js,ce2e8fec,Vishal Rana,2025-10-25,19:38:54,-07:00,2025-10-25T19:38:54-07:00,2,15
index.js,32,js,ce2e8fec,Vishal Rana,2025-10-25,19:38:54,-07:00,2025-10-25T19:38:54-07:00,4,50
index.js,33,js,ce2e8fec,Vishal Rana,2025-10-25,19:38:54,-07:00,2025-10-25T19:38:54-07:00,2,0
index.js,34,js,ce2e8fec,Vishal Rana,2025-10-25,19:38:54,-07:00,2025-10-25T19:38:54-07:00,0,0
index.js,35,js,ce2e8fec,Vishal Rana,2025-10-25,19:38:54,-07:00,2025-10-25T19:38:54-07:00,0,0
index.js,36,js,ce2e8fec,Vishal Rana,2025-10-25,19:38:54,-07:00,2025-10-25T19:38:54-07:00,0,16
index.html,1,html,3afc6563,Vishal Rana,2025-09-28,18:56:51,-07:00,2025-09-28T18:56:51-07:00,0,13
index.html,2,html,3afc6563,Vishal Rana,2025-09-28,18:56:51,-07:00,2025-09-28T18:56:51-07:00,0,14
index.html,3,html,3afc6563,Vishal Rana,2025-09-28,18:56:51,-07:00,2025-09-28T18:56:51-07:00,0,4
index.html,4,html,3afc6563,Vishal Rana,2025-09-28,18:56:51,-07:00,2025-09-28T18:56:51-07:00,2,20
index.html,5,html,3afc6563,Vishal Rana,2025-09-28,18:56:51,-07:00,2025-09-28T18:56:51-07:00,2,68
index.html,6,html,3afc6563,Vishal Rana,2025-09-28,18:56:51,-07:00,2025-09-28T18:56:51-07:00,2,61
index.html,7,html,56d2e576,Vishal Rana,2025-10-10,15:46:03,-07:00,2025-10-10T15:46:03-07:00,2,39
index.html,8,html,3afc6563,Vishal Rana,2025-09-28,18:56:51,-07:00,2025-09-28T18:56:51-07:00,0,5
index.html,9,html,3afc6563,Vishal Rana,2025-09-28,18:56:51,-07:00,2025-09-28T18:56:51-07:00,0,4
index.html,10,html,43f1f1e2,Vishal Rana,2025-10-17,15:13:55,-07:00,2025-10-17T15:13:55-07:00,2,0
index.html,11,html,3e565efa,Vishal Rana,2025-10-03,17:02:11,-07:00,2025-10-03T17:02:11-07:00,3,0
index.html,12,html,feeb0474,Vishal Rana,2025-10-03,17:25:02,-07:00,2025-10-03T17:25:02-07:00,3,0
index.html,13,html,4bdd2da0,Vishal Rana,2025-10-02,13:28:19,-07:00,2025-10-02T13:28:19-07:00,2,24
index.html,14,html,4bdd2da0,Vishal Rana,2025-10-02,13:28:19,-07:00,2025-10-02T13:28:19-07:00,2,1
index.html,15,html,4bdd2da0,Vishal Rana,2025-10-02,13:28:19,-07:00,2025-10-02T13:28:19-07:00,4,135
index.html,16,html,4bdd2da0,Vishal Rana,2025-10-02,13:28:19,-07:00,2025-10-02T13:28:19-07:00,2,2
index.html,17,html,3afc6563,Vishal Rana,2025-09-28,18:56:51,-07:00,2025-09-28T18:56:51-07:00,2,0
index.html,18,html,4bdd2da0,Vishal Rana,2025-10-02,13:28:19,-07:00,2025-10-02T13:28:19-07:00,2,85
index.html,19,html,f0f04c88,Vishal Rana,2025-10-17,13:11:49,-07:00,2025-10-17T13:11:49-07:00,2,45
index.html,20,html,ce2e8fec,Vishal Rana,2025-10-25,19:38:54,-07:00,2025-10-25T19:38:54-07:00,2,22
index.html,21,html,ce2e8fec,Vishal Rana,2025-10-25,19:38:54,-07:00,2025-10-25T19:38:54-07:00,0,26
index.html,22,html,ce2e8fec,Vishal Rana,2025-10-25,19:38:54,-07:00,2025-10-25T19:38:54-07:00,0,27
index.html,23,html,ce2e8fec,Vishal Rana,2025-10-25,19:38:54,-07:00,2025-10-25T19:38:54-07:00,0,28
index.html,24,html,f0f04c88,Vishal Rana,2025-10-17,13:11:49,-07:00,2025-10-17T13:11:49-07:00,0,0
index.html,25,html,ce2e8fec,Vishal Rana,2025-10-25,19:38:54,-07:00,2025-10-25T19:38:54-07:00,0,0
index.html,26,html,ce2e8fec,Vishal Rana,2025-10-25,19:38:54,-07:00,2025-10-25T19:38:54-07:00,0,50
index.html,27,html,ce2e8fec,Vishal Rana,2025-10-25,19:38:54,-07:00,2025-10-25T19:38:54-07:00,0,0
index.html,28,html,ce2e8fec,Vishal Rana,2025-10-25,19:38:54,-07:00,2025-10-25T19:38:54-07:00,0,5
index.html,29,html,e196c4b2,vishal-rana-p,2025-10-03,17:35:09,-07:00,2025-10-03T17:35:09-07:00,0,5
global.js,1,js,43f1f1e2,Vishal Rana,2025-10-17,15:13:55,-07:00,2025-10-17T15:13:55-07:00,0,88
global.js,2,js,899d6890,Vishal Rana,2025-10-17,15:59:06,-07:00,2025-10-17T15:59:06-07:00,1,38
global.js,3,js,43f1f1e2,Vishal Rana,2025-10-17,15:13:55,-07:00,2025-10-17T15:13:55-07:00,1,48
global.js,4,js,f0f04c88,Vishal Rana,2025-10-17,13:11:49,-07:00,2025-10-17T13:11:49-07:00,0,0
global.js,5,js,f0f04c88,Vishal Rana,2025-10-17,13:11:49,-07:00,2025-10-17T13:11:49-07:00,0,0
global.js,6,js,43f1f1e2,Vishal Rana,2025-10-17,15:13:55,-07:00,2025-10-17T15:13:55-07:00,0,11
global.js,7,js,43f1f1e2,Vishal Rana,2025-10-17,15:13:55,-07:00,2025-10-17T15:13:55-07:00,2,35
global.js,8,js,43f1f1e2,Vishal Rana,2025-10-17,15:13:55,-07:00,2025-10-17T15:13:55-07:00,2,38
global.js,9,js,43f1f1e2,Vishal Rana,2025-10-17,15:13:55,-07:00,2025-10-17T15:13:55-07:00,2,33
global.js,10,js,43f1f1e2,Vishal Rana,2025-10-17,15:13:55,-07:00,2025-10-17T15:13:55-07:00,2,35
global.js,11,js,00000000,Not Committed Yet,2025-11-07,17:06:37,-08:00,2025-11-07T17:06:37-08:00,2,29
global.js,12,js,43f1f1e2,Vishal Rana,2025-10-17,15:13:55,-07:00,2025-10-17T15:13:55-07:00,2,57
global.js,13,js,43f1f1e2,Vishal Rana,2025-10-17,15:13:55,-07:00,2025-10-17T15:13:55-07:00,2,32
global.js,14,js,43f1f1e2,Vishal Rana,2025-10-17,15:13:55,-07:00,2025-10-17T15:13:55-07:00,1,0
global.js,15,js,43f1f1e2,Vishal Rana,2025-10-17,15:13:55,-07:00,2025-10-17T15:13:55-07:00,0,38
global.js,16,js,43f1f1e2,Vishal Rana,2025-10-17,15:13:55,-07:00,2025-10-17T15:13:55-07:00,0,25
global.js,17,js,f0f04c88,Vishal Rana,2025-10-17,13:11:49,-07:00,2025-10-17T13:11:49-07:00,0,0
global.js,18,js,43f1f1e2,Vishal Rana,2025-10-17,15:13:55,-07:00,2025-10-17T15:13:55-07:00,0,20
global.js,19,js,43f1f1e2,Vishal Rana,2025-10-17,15:13:55,-07:00,2025-10-17T15:13:55-07:00,2,14
global.js,20,js,43f1f1e2,Vishal Rana,2025-10-17,15:13:55,-07:00,2025-10-17T15:13:55-07:00,2,18
global.js,21,js,f0f04c88,Vishal Rana,2025-10-17,13:11:49,-07:00,2025-10-17T13:11:49-07:00,0,0
global.js,22,js,899d6890,Vishal Rana,2025-10-17,15:59:06,-07:00,2025-10-17T15:59:06-07:00,2,72
global.js,23,js,899d6890,Vishal Rana,2025-10-17,15:59:06,-07:00,2025-10-17T15:59:06-07:00,2,52
global.js,24,js,899d6890,Vishal Rana,2025-10-17,15:59:06,-07:00,2025-10-17T15:59:06-07:00,2,20
global.js,25,js,899d6890,Vishal Rana,2025-10-17,15:59:06,-07:00,2025-10-17T15:59:06-07:00,2,0
global.js,26,js,899d6890,Vishal Rana,2025-10-17,15:59:06,-07:00,2025-10-17T15:59:06-07:00,0,0
global.js,27,js,43f1f1e2,Vishal Rana,2025-10-17,15:13:55,-07:00,2025-10-17T15:13:55-07:00,2,30
global.js,28,js,43f1f1e2,Vishal Rana,2025-10-17,15:13:55,-07:00,2025-10-17T15:13:55-07:00,2,34
global.js,29,js,43f1f1e2,Vishal Rana,2025-10-17,15:13:55,-07:00,2025-10-17T15:13:55-07:00,2,11
global.js,30,js,43f1f1e2,Vishal Rana,2025-10-17,15:13:55,-07:00,2025-10-17T15:13:55-07:00,2,20
global.js,31,js,43f1f1e2,Vishal Rana,2025-10-17,15:13:55,-07:00,2025-10-17T15:13:55-07:00,2,77
global.js,32,js,43f1f1e2,Vishal Rana,2025-10-17,15:13:55,-07:00,2025-10-17T15:13:55-07:00,2,65
global.js,33,js,43f1f1e2,Vishal Rana,2025-10-17,15:13:55,-07:00,2025-10-17T15:13:55-07:00,4,25
global.js,34,js,43f1f1e2,Vishal Rana,2025-10-17,15:13:55,-07:00,2025-10-17T15:13:55-07:00,3,0
global.js,35,js,43f1f1e2,Vishal Rana,2025-10-17,15:13:55,-07:00,2025-10-17T15:13:55-07:00,2,28
global.js,36,js,43f1f1e2,Vishal Rana,2025-10-17,15:13:55,-07:00,2025-10-17T15:13:55-07:00,4,18
global.js,37,js,43f1f1e2,Vishal Rana,2025-10-17,15:13:55,-07:00,2025-10-17T15:13:55-07:00,2,0
global.js,38,js,43f1f1e2,Vishal Rana,2025-10-17,15:13:55,-07:00,2025-10-17T15:13:55-07:00,0,0
global.js,39,js,43f1f1e2,Vishal Rana,2025-10-17,15:13:55,-07:00,2025-10-17T15:13:55-07:00,2,12
global.js,40,js,43f1f1e2,Vishal Rana,2025-10-17,15:13:55,-07:00,2025-10-17T15:13:55-07:00,1,0
global.js,41,js,43f1f1e2,Vishal Rana,2025-10-17,15:13:55,-07:00,2025-10-17T15:13:55-07:00,0,0
global.js,42,js,f0f04c88,Vishal Rana,2025-10-17,13:11:49,-07:00,2025-10-17T13:11:49-07:00,0,0
global.js,43,js,e0958a7f,Vishal Rana,2025-10-17,16:25:08,-07:00,2025-10-17T16:25:08-07:00,1,31
global.js,44,js,e0958a7f,Vishal Rana,2025-10-17,16:25:08,-07:00,2025-10-17T16:25:08-07:00,2,11
global.js,45,js,e0958a7f,Vishal Rana,2025-10-17,16:25:08,-07:00,2025-10-17T16:25:08-07:00,2,0
global.js,46,js,e0958a7f,Vishal Rana,2025-10-17,16:25:08,-07:00,2025-10-17T16:25:08-07:00,2,26
global.js,47,js,e0958a7f,Vishal Rana,2025-10-17,16:25:08,-07:00,2025-10-17T16:25:08-07:00,3,4
global.js,48,js,e0958a7f,Vishal Rana,2025-10-17,16:25:08,-07:00,2025-10-17T16:25:08-07:00,3,6
global.js,49,js,e0958a7f,Vishal Rana,2025-10-17,16:25:08,-07:00,2025-10-17T16:25:08-07:00,4,43
global.js,50,js,e0958a7f,Vishal Rana,2025-10-17,16:25:08,-07:00,2025-10-17T16:25:08-07:00,4,34
global.js,51,js,e0958a7f,Vishal Rana,2025-10-17,16:25:08,-07:00,2025-10-17T16:25:08-07:00,4,32
global.js,52,js,e0958a7f,Vishal Rana,2025-10-17,16:25:08,-07:00,2025-10-17T16:25:08-07:00,3,7
global.js,53,js,e0958a7f,Vishal Rana,2025-10-17,16:25:08,-07:00,2025-10-17T16:25:08-07:00,2,6
global.js,54,js,e0958a7f,Vishal Rana,2025-10-17,16:25:08,-07:00,2025-10-17T16:25:08-07:00,1,0
global.js,55,js,e0958a7f,Vishal Rana,2025-10-17,16:25:08,-07:00,2025-10-17T16:25:08-07:00,1,0
global.js,56,js,e0958a7f,Vishal Rana,2025-10-17,16:25:08,-07:00,2025-10-17T16:25:08-07:00,1,60
global.js,57,js,e0958a7f,Vishal Rana,2025-10-17,16:25:08,-07:00,2025-10-17T16:25:08-07:00,1,48
global.js,58,js,e0958a7f,Vishal Rana,2025-10-17,16:25:08,-07:00,2025-10-17T16:25:08-07:00,2,57
global.js,59,js,e0958a7f,Vishal Rana,2025-10-17,16:25:08,-07:00,2025-10-17T16:25:08-07:00,1,0
global.js,60,js,e0958a7f,Vishal Rana,2025-10-17,16:25:08,-07:00,2025-10-17T16:25:08-07:00,2,48
global.js,61,js,e0958a7f,Vishal Rana,2025-10-17,16:25:08,-07:00,2025-10-17T16:25:08-07:00,2,77
global.js,62,js,e0958a7f,Vishal Rana,2025-10-17,16:25:08,-07:00,2025-10-17T16:25:08-07:00,1,1
global.js,63,js,e0958a7f,Vishal Rana,2025-10-17,16:25:08,-07:00,2025-10-17T16:25:08-07:00,1,0
global.js,64,js,e0958a7f,Vishal Rana,2025-10-17,16:25:08,-07:00,2025-10-17T16:25:08-07:00,1,36
global.js,65,js,e0958a7f,Vishal Rana,2025-10-17,16:25:08,-07:00,2025-10-17T16:25:08-07:00,2,70
global.js,66,js,e0958a7f,Vishal Rana,2025-10-17,16:25:08,-07:00,2025-10-17T16:25:08-07:00,2,55
global.js,67,js,e0958a7f,Vishal Rana,2025-10-17,16:25:08,-07:00,2025-10-17T16:25:08-07:00,1,0
global.js,68,js,e0958a7f,Vishal Rana,2025-10-17,16:25:08,-07:00,2025-10-17T16:25:08-07:00,0,0
global.js,69,js,e0958a7f,Vishal Rana,2025-10-17,16:25:08,-07:00,2025-10-17T16:25:08-07:00,0,0
global.js,70,js,e0958a7f,Vishal Rana,2025-10-17,16:25:08,-07:00,2025-10-17T16:25:08-07:00,0,35
global.js,71,js,e0958a7f,Vishal Rana,2025-10-17,16:25:08,-07:00,2025-10-17T16:25:08-07:00,0,34
global.js,72,js,e0958a7f,Vishal Rana,2025-10-17,16:25:08,-07:00,2025-10-17T16:25:08-07:00,1,39
global.js,73,js,e0958a7f,Vishal Rana,2025-10-17,16:25:08,-07:00,2025-10-17T16:25:08-07:00,0,6
global.js,74,js,e0958a7f,Vishal Rana,2025-10-17,16:25:08,-07:00,2025-10-17T16:25:08-07:00,1,51
global.js,75,js,e0958a7f,Vishal Rana,2025-10-17,16:25:08,-07:00,2025-10-17T16:25:08-07:00,0,0
global.js,76,js,e0958a7f,Vishal Rana,2025-10-17,16:25:08,-07:00,2025-10-17T16:25:08-07:00,0,48
global.js,77,js,e0958a7f,Vishal Rana,2025-10-17,16:25:08,-07:00,2025-10-17T16:25:08-07:00,2,31
global.js,78,js,e0958a7f,Vishal Rana,2025-10-17,16:25:08,-07:00,2025-10-17T16:25:08-07:00,2,44
global.js,79,js,e0958a7f,Vishal Rana,2025-10-17,16:25:08,-07:00,2025-10-17T16:25:08-07:00,1,0
global.js,80,js,e0958a7f,Vishal Rana,2025-10-17,16:25:08,-07:00,2025-10-17T16:25:08-07:00,2,23
global.js,81,js,e0958a7f,Vishal Rana,2025-10-17,16:25:08,-07:00,2025-10-17T16:25:08-07:00,2,20
global.js,82,js,e0958a7f,Vishal Rana,2025-10-17,16:25:08,-07:00,2025-10-17T16:25:08-07:00,1,0
global.js,83,js,e0958a7f,Vishal Rana,2025-10-17,16:25:08,-07:00,2025-10-17T16:25:08-07:00,2,32
global.js,84,js,e0958a7f,Vishal Rana,2025-10-17,16:25:08,-07:00,2025-10-17T16:25:08-07:00,2,31
global.js,85,js,e0958a7f,Vishal Rana,2025-10-17,16:25:08,-07:00,2025-10-17T16:25:08-07:00,1,1
global.js,86,js,ce2e8fec,Vishal Rana,2025-10-25,19:38:54,-07:00,2025-10-25T19:38:54-07:00,0,0
global.js,87,js,ce2e8fec,Vishal Rana,2025-10-25,19:38:54,-07:00,2025-10-25T19:38:54-07:00,1,36
global.js,88,js,ce2e8fec,Vishal Rana,2025-10-25,19:38:54,-07:00,2025-10-25T19:38:54-07:00,2,3
global.js,89,js,ce2e8fec,Vishal Rana,2025-10-25,19:38:54,-07:00,2025-10-25T19:38:54-07:00,3,32
global.js,90,js,ce2e8fec,Vishal Rana,2025-10-25,19:38:54,-07:00,2025-10-25T19:38:54-07:00,3,17
global.js,91,js,ce2e8fec,Vishal Rana,2025-10-25,19:38:54,-07:00,2025-10-25T19:38:54-07:00,4,66
global.js,92,js,ce2e8fec,Vishal Rana,2025-10-25,19:38:54,-07:00,2025-10-25T19:38:54-07:00,3,0
global.js,93,js,ce2e8fec,Vishal Rana,2025-10-25,19:38:54,-07:00,2025-10-25T19:38:54-07:00,3,33
global.js,94,js,ce2e8fec,Vishal Rana,2025-10-25,19:38:54,-07:00,2025-10-25T19:38:54-07:00,3,10
global.js,95,js,ce2e8fec,Vishal Rana,2025-10-25,19:38:54,-07:00,2025-10-25T19:38:54-07:00,2,15
global.js,96,js,ce2e8fec,Vishal Rana,2025-10-25,19:38:54,-07:00,2025-10-25T19:38:54-07:00,3,59
global.js,97,js,ce2e8fec,Vishal Rana,2025-10-25,19:38:54,-07:00,2025-10-25T19:38:54-07:00,2,0
global.js,98,js,ce2e8fec,Vishal Rana,2025-10-25,19:38:54,-07:00,2025-10-25T19:38:54-07:00,1,0
global.js,99,js,ce2e8fec,Vishal Rana,2025-10-25,19:38:54,-07:00,2025-10-25T19:38:54-07:00,1,0
global.js,100,js,ce2e8fec,Vishal Rana,2025-10-25,19:38:54,-07:00,2025-10-25T19:38:54-07:00,1,79
global.js,101,js,ce2e8fec,Vishal Rana,2025-10-25,19:38:54,-07:00,2025-10-25T19:38:54-07:00,2,50
global.js,102,js,ce2e8fec,Vishal Rana,2025-10-25,19:38:54,-07:00,2025-10-25T19:38:54-07:00,3,58
global.js,103,js,ce2e8fec,Vishal Rana,2025-10-25,19:38:54,-07:00,2025-10-25T19:38:54-07:00,3,5
global.js,104,js,ce2e8fec,Vishal Rana,2025-10-25,19:38:54,-07:00,2025-10-25T19:38:54-07:00,2,0
global.js,105,js,ce2e8fec,Vishal Rana,2025-10-25,19:38:54,-07:00,2025-10-25T19:38:54-07:00,1,0
global.js,106,js,ce2e8fec,Vishal Rana,2025-10-25,19:38:54,-07:00,2025-10-25T19:38:54-07:00,2,30
global.js,107,js,ce2e8fec,Vishal Rana,2025-10-25,19:38:54,-07:00,2025-10-25T19:38:54-07:00,1,0
global.js,108,js,ce2e8fec,Vishal Rana,2025-10-25,19:38:54,-07:00,2025-10-25T19:38:54-07:00,2,29
global.js,109,js,ce2e8fec,Vishal Rana,2025-10-25,19:38:54,-07:00,2025-10-25T19:38:54-07:00,3,48
global.js,110,js,ce2e8fec,Vishal Rana,2025-10-25,19:38:54,-07:00,2025-10-25T19:38:54-07:00,3,19
global.js,111,js,ce2e8fec,Vishal Rana,2025-10-25,19:38:54,-07:00,2025-10-25T19:38:54-07:00,4,49
global.js,112,js,ce2e8fec,Vishal Rana,2025-10-25,19:38:54,-07:00,2025-10-25T19:38:54-07:00,4,49
global.js,113,js,ce2e8fec,Vishal Rana,2025-10-25,19:38:54,-07:00,2025-10-25T19:38:54-07:00,4,27
global.js,114,js,57c87954,Vishal Rana,2025-10-31,19:01:38,-07:00,2025-10-31T19:01:38-07:00,4,41
global.js,115,js,ce2e8fec,Vishal Rana,2025-10-25,19:38:54,-07:00,2025-10-25T19:38:54-07:00,3,0
global.js,116,js,ce2e8fec,Vishal Rana,2025-10-25,19:38:54,-07:00,2025-10-25T19:38:54-07:00,3,36
global.js,117,js,ce2e8fec,Vishal Rana,2025-10-25,19:38:54,-07:00,2025-10-25T19:38:54-07:00,2,1
global.js,118,js,ce2e8fec,Vishal Rana,2025-10-25,19:38:54,-07:00,2025-10-25T19:38:54-07:00,1,0
global.js,119,js,ce2e8fec,Vishal Rana,2025-10-25,19:38:54,-07:00,2025-10-25T19:38:54-07:00,1,0
global.js,120,js,ce2e8fec,Vishal Rana,2025-10-25,19:38:54,-07:00,2025-10-25T19:38:54-07:00,1,47
global.js,121,js,ce2e8fec,Vishal Rana,2025-10-25,19:38:54,-07:00,2025-10-25T19:38:54-07:00,2,59
global.js,122,js,ce2e8fec,Vishal Rana,2025-10-25,19:38:54,-07:00,2025-10-25T19:38:54-07:00,1,0
resume/index.html,1,html,4bdd2da0,Vishal Rana,2025-10-02,13:28:19,-07:00,2025-10-02T13:28:19-07:00,0,13
resume/index.html,2,html,4bdd2da0,Vishal Rana,2025-10-02,13:28:19,-07:00,2025-10-02T13:28:19-07:00,0,14
resume/index.html,3,html,4bdd2da0,Vishal Rana,2025-10-02,13:28:19,-07:00,2025-10-02T13:28:19-07:00,0,4
resume/index.html,4,html,4bdd2da0,Vishal Rana,2025-10-02,13:28:19,-07:00,2025-10-02T13:28:19-07:00,2,20
resume/index.html,5,html,4bdd2da0,Vishal Rana,2025-10-02,13:28:19,-07:00,2025-10-02T13:28:19-07:00,2,68
resume/index.html,6,html,4bdd2da0,Vishal Rana,2025-10-02,13:28:19,-07:00,2025-10-02T13:28:19-07:00,2,39
resume/index.html,7,html,f5b7afdd,Vishal Rana,2025-10-10,18:42:24,-07:00,2025-10-10T18:42:24-07:00,2,42
resume/index.html,8,html,4bdd2da0,Vishal Rana,2025-10-02,13:28:19,-07:00,2025-10-02T13:28:19-07:00,0,5
resume/index.html,9,html,4bdd2da0,Vishal Rana,2025-10-02,13:28:19,-07:00,2025-10-02T13:28:19-07:00,0,4
resume/index.html,10,html,43f1f1e2,Vishal Rana,2025-10-17,15:13:55,-07:00,2025-10-17T15:13:55-07:00,2,0
resume/index.html,11,html,4bdd2da0,Vishal Rana,2025-10-02,13:28:19,-07:00,2025-10-02T13:28:19-07:00,0,6
resume/index.html,12,html,4bdd2da0,Vishal Rana,2025-10-02,13:28:19,-07:00,2025-10-02T13:28:19-07:00,2,24
resume/index.html,13,html,4bdd2da0,Vishal Rana,2025-10-02,13:28:19,-07:00,2025-10-02T13:28:19-07:00,2,2
resume/index.html,14,html,4bdd2da0,Vishal Rana,2025-10-02,13:28:19,-07:00,2025-10-02T13:28:19-07:00,1,1
resume/index.html,15,html,4bdd2da0,Vishal Rana,2025-10-02,13:28:19,-07:00,2025-10-02T13:28:19-07:00,2,14
resume/index.html,16,html,4bdd2da0,Vishal Rana,2025-10-02,13:28:19,-07:00,2025-10-02T13:28:19-07:00,2,66
resume/index.html,17,html,4bdd2da0,Vishal Rana,2025-10-02,13:28:19,-07:00,2025-10-02T13:28:19-07:00,2,85
resume/index.html,18,html,4bdd2da0,Vishal Rana,2025-10-02,13:28:19,-07:00,2025-10-02T13:28:19-07:00,1,2
resume/index.html,19,html,4bdd2da0,Vishal Rana,2025-10-02,13:28:19,-07:00,2025-10-02T13:28:19-07:00,0,7
resume/index.html,20,html,4bdd2da0,Vishal Rana,2025-10-02,13:28:19,-07:00,2025-10-02T13:28:19-07:00,2,0
resume/index.html,21,html,4bdd2da0,Vishal Rana,2025-10-02,13:28:19,-07:00,2025-10-02T13:28:19-07:00,1,7
resume/index.html,22,html,4bdd2da0,Vishal Rana,2025-10-02,13:28:19,-07:00,2025-10-02T13:28:19-07:00,2,16
resume/index.html,23,html,4bdd2da0,Vishal Rana,2025-10-02,13:28:19,-07:00,2025-10-02T13:28:19-07:00,2,2
resume/index.html,24,html,4bdd2da0,Vishal Rana,2025-10-02,13:28:19,-07:00,2025-10-02T13:28:19-07:00,2,7
resume/index.html,25,html,feeb0474,Vishal Rana,2025-10-03,17:25:02,-07:00,2025-10-03T17:25:02-07:00,0,0
resume/index.html,26,html,4bdd2da0,Vishal Rana,2025-10-02,13:28:19,-07:00,2025-10-02T13:28:19-07:00,3,76
resume/index.html,27,html,4bdd2da0,Vishal Rana,2025-10-02,13:28:19,-07:00,2025-10-02T13:28:19-07:00,4,60
resume/index.html,28,html,4bdd2da0,Vishal Rana,2025-10-02,13:28:19,-07:00,2025-10-02T13:28:19-07:00,4,44
resume/index.html,29,html,4bdd2da0,Vishal Rana,2025-10-02,13:28:19,-07:00,2025-10-02T13:28:19-07:00,3,4
resume/index.html,30,html,4bdd2da0,Vishal Rana,2025-10-02,13:28:19,-07:00,2025-10-02T13:28:19-07:00,3,2
resume/index.html,31,html,feeb0474,Vishal Rana,2025-10-03,17:25:02,-07:00,2025-10-03T17:25:02-07:00,0,0
resume/index.html,32,html,4bdd2da0,Vishal Rana,2025-10-02,13:28:19,-07:00,2025-10-02T13:28:19-07:00,3,76
resume/index.html,33,html,4bdd2da0,Vishal Rana,2025-10-02,13:28:19,-07:00,2025-10-02T13:28:19-07:00,4,74
resume/index.html,34,html,81c75b3d,Vishal Rana,2025-10-02,17:18:39,-07:00,2025-10-02T17:18:39-07:00,4,66
resume/index.html,35,html,4bdd2da0,Vishal Rana,2025-10-02,13:28:19,-07:00,2025-10-02T13:28:19-07:00,3,4
resume/index.html,36,html,4bdd2da0,Vishal Rana,2025-10-02,13:28:19,-07:00,2025-10-02T13:28:19-07:00,2,8
resume/index.html,37,html,4bdd2da0,Vishal Rana,2025-10-02,13:28:19,-07:00,2025-10-02T13:28:19-07:00,1,8
resume/index.html,38,html,4bdd2da0,Vishal Rana,2025-10-02,13:28:19,-07:00,2025-10-02T13:28:19-07:00,1,0
resume/index.html,39,html,4bdd2da0,Vishal Rana,2025-10-02,13:28:19,-07:00,2025-10-02T13:28:19-07:00,1,0
resume/index.html,40,html,4bdd2da0,Vishal Rana,2025-10-02,13:28:19,-07:00,2025-10-02T13:28:19-07:00,1,0
resume/index.html,41,html,4bdd2da0,Vishal Rana,2025-10-02,13:28:19,-07:00,2025-10-02T13:28:19-07:00,1,0
resume/index.html,42,html,4bdd2da0,Vishal Rana,2025-10-02,13:28:19,-07:00,2025-10-02T13:28:19-07:00,1,7
resume/index.html,43,html,4bdd2da0,Vishal Rana,2025-10-02,13:28:19,-07:00,2025-10-02T13:28:19-07:00,2,17
resume/index.html,44,html,4bdd2da0,Vishal Rana,2025-10-02,13:28:19,-07:00,2025-10-02T13:28:19-07:00,2,2
resume/index.html,45,html,4bdd2da0,Vishal Rana,2025-10-02,13:28:19,-07:00,2025-10-02T13:28:19-07:00,2,7
resume/index.html,46,html,4bdd2da0,Vishal Rana,2025-10-02,13:28:19,-07:00,2025-10-02T13:28:19-07:00,4,56
resume/index.html,47,html,4bdd2da0,Vishal Rana,2025-10-02,13:28:19,-07:00,2025-10-02T13:28:19-07:00,6,40
resume/index.html,48,html,81c75b3d,Vishal Rana,2025-10-02,17:18:39,-07:00,2025-10-02T17:18:39-07:00,6,43
resume/index.html,49,html,4bdd2da0,Vishal Rana,2025-10-02,13:28:19,-07:00,2025-10-02T13:28:19-07:00,5,4
resume/index.html,50,html,4bdd2da0,Vishal Rana,2025-10-02,13:28:19,-07:00,2025-10-02T13:28:19-07:00,3,54
resume/index.html,51,html,4bdd2da0,Vishal Rana,2025-10-02,13:28:19,-07:00,2025-10-02T13:28:19-07:00,3,2
resume/index.html,52,html,4bdd2da0,Vishal Rana,2025-10-02,13:28:19,-07:00,2025-10-02T13:28:19-07:00,4,89
resume/index.html,53,html,4bdd2da0,Vishal Rana,2025-10-02,13:28:19,-07:00,2025-10-02T13:28:19-07:00,4,96
resume/index.html,54,html,4bdd2da0,Vishal Rana,2025-10-02,13:28:19,-07:00,2025-10-02T13:28:19-07:00,4,85
resume/index.html,55,html,4bdd2da0,Vishal Rana,2025-10-02,13:28:19,-07:00,2025-10-02T13:28:19-07:00,3,3
resume/index.html,56,html,4bdd2da0,Vishal Rana,2025-10-02,13:28:19,-07:00,2025-10-02T13:28:19-07:00,2,8
resume/index.html,57,html,4bdd2da0,Vishal Rana,2025-10-02,13:28:19,-07:00,2025-10-02T13:28:19-07:00,0,0
resume/index.html,58,html,4bdd2da0,Vishal Rana,2025-10-02,13:28:19,-07:00,2025-10-02T13:28:19-07:00,2,7
resume/index.html,59,html,4bdd2da0,Vishal Rana,2025-10-02,13:28:19,-07:00,2025-10-02T13:28:19-07:00,4,56
resume/index.html,60,html,4bdd2da0,Vishal Rana,2025-10-02,13:28:19,-07:00,2025-10-02T13:28:19-07:00,6,46
resume/index.html,61,html,81c75b3d,Vishal Rana,2025-10-02,17:18:39,-07:00,2025-10-02T17:18:39-07:00,6,43
resume/index.html,62,html,4bdd2da0,Vishal Rana,2025-10-02,13:28:19,-07:00,2025-10-02T13:28:19-07:00,5,4
resume/index.html,63,html,4bdd2da0,Vishal Rana,2025-10-02,13:28:19,-07:00,2025-10-02T13:28:19-07:00,3,37
resume/index.html,64,html,4bdd2da0,Vishal Rana,2025-10-02,13:28:19,-07:00,2025-10-02T13:28:19-07:00,3,2
resume/index.html,65,html,4bdd2da0,Vishal Rana,2025-10-02,13:28:19,-07:00,2025-10-02T13:28:19-07:00,4,81
resume/index.html,66,html,4bdd2da0,Vishal Rana,2025-10-02,13:28:19,-07:00,2025-10-02T13:28:19-07:00,4,85
resume/index.html,67,html,4bdd2da0,Vishal Rana,2025-10-02,13:28:19,-07:00,2025-10-02T13:28:19-07:00,4,87
resume/index.html,68,html,4bdd2da0,Vishal Rana,2025-10-02,13:28:19,-07:00,2025-10-02T13:28:19-07:00,3,3
resume/index.html,69,html,4bdd2da0,Vishal Rana,2025-10-02,13:28:19,-07:00,2025-10-02T13:28:19-07:00,2,8
resume/index.html,70,html,4bdd2da0,Vishal Rana,2025-10-02,13:28:19,-07:00,2025-10-02T13:28:19-07:00,1,8
resume/index.html,71,html,4bdd2da0,Vishal Rana,2025-10-02,13:28:19,-07:00,2025-10-02T13:28:19-07:00,0,0
resume/index.html,72,html,4bdd2da0,Vishal Rana,2025-10-02,13:28:19,-07:00,2025-10-02T13:28:19-07:00,1,7
resume/index.html,73,html,4bdd2da0,Vishal Rana,2025-10-02,13:28:19,-07:00,2025-10-02T13:28:19-07:00,2,15
resume/index.html,74,html,4bdd2da0,Vishal Rana,2025-10-02,13:28:19,-07:00,2025-10-02T13:28:19-07:00,2,2
resume/index.html,75,html,4bdd2da0,Vishal Rana,2025-10-02,13:28:19,-07:00,2025-10-02T13:28:19-07:00,2,7
resume/index.html,76,html,4bdd2da0,Vishal Rana,2025-10-02,13:28:19,-07:00,2025-10-02T13:28:19-07:00,3,29
resume/index.html,77,html,4bdd2da0,Vishal Rana,2025-10-02,13:28:19,-07:00,2025-10-02T13:28:19-07:00,3,2
resume/index.html,78,html,4bdd2da0,Vishal Rana,2025-10-02,13:28:19,-07:00,2025-10-02T13:28:19-07:00,4,142
resume/index.html,79,html,4bdd2da0,Vishal Rana,2025-10-02,13:28:19,-07:00,2025-10-02T13:28:19-07:00,4,99
resume/index.html,80,html,4bdd2da0,Vishal Rana,2025-10-02,13:28:19,-07:00,2025-10-02T13:28:19-07:00,3,3
resume/index.html,81,html,4bdd2da0,Vishal Rana,2025-10-02,13:28:19,-07:00,2025-10-02T13:28:19-07:00,2,8
resume/index.html,82,html,4bdd2da0,Vishal Rana,2025-10-02,13:28:19,-07:00,2025-10-02T13:28:19-07:00,0,0
resume/index.html,83,html,4bdd2da0,Vishal Rana,2025-10-02,13:28:19,-07:00,2025-10-02T13:28:19-07:00,2,7
resume/index.html,84,html,4bdd2da0,Vishal Rana,2025-10-02,13:28:19,-07:00,2025-10-02T13:28:19-07:00,3,38
resume/index.html,85,html,4bdd2da0,Vishal Rana,2025-10-02,13:28:19,-07:00,2025-10-02T13:28:19-07:00,3,2
resume/index.html,86,html,4bdd2da0,Vishal Rana,2025-10-02,13:28:19,-07:00,2025-10-02T13:28:19-07:00,4,145
resume/index.html,87,html,4bdd2da0,Vishal Rana,2025-10-02,13:28:19,-07:00,2025-10-02T13:28:19-07:00,4,99
resume/index.html,88,html,4bdd2da0,Vishal Rana,2025-10-02,13:28:19,-07:00,2025-10-02T13:28:19-07:00,3,3
resume/index.html,89,html,4bdd2da0,Vishal Rana,2025-10-02,13:28:19,-07:00,2025-10-02T13:28:19-07:00,2,8
resume/index.html,90,html,4bdd2da0,Vishal Rana,2025-10-02,13:28:19,-07:00,2025-10-02T13:28:19-07:00,0,0
resume/index.html,91,html,4bdd2da0,Vishal Rana,2025-10-02,13:28:19,-07:00,2025-10-02T13:28:19-07:00,2,7
resume/index.html,92,html,4bdd2da0,Vishal Rana,2025-10-02,13:28:19,-07:00,2025-10-02T13:28:19-07:00,3,34
resume/index.html,93,html,4bdd2da0,Vishal Rana,2025-10-02,13:28:19,-07:00,2025-10-02T13:28:19-07:00,3,2
resume/index.html,94,html,4bdd2da0,Vishal Rana,2025-10-02,13:28:19,-07:00,2025-10-02T13:28:19-07:00,4,86
resume/index.html,95,html,4bdd2da0,Vishal Rana,2025-10-02,13:28:19,-07:00,2025-10-02T13:28:19-07:00,4,92
resume/index.html,96,html,4bdd2da0,Vishal Rana,2025-10-02,13:28:19,-07:00,2025-10-02T13:28:19-07:00,3,3
resume/index.html,97,html,4bdd2da0,Vishal Rana,2025-10-02,13:28:19,-07:00,2025-10-02T13:28:19-07:00,2,8
resume/index.html,98,html,4bdd2da0,Vishal Rana,2025-10-02,13:28:19,-07:00,2025-10-02T13:28:19-07:00,0,0
resume/index.html,99,html,4bdd2da0,Vishal Rana,2025-10-02,13:28:19,-07:00,2025-10-02T13:28:19-07:00,2,7
resume/index.html,100,html,4bdd2da0,Vishal Rana,2025-10-02,13:28:19,-07:00,2025-10-02T13:28:19-07:00,3,56
resume/index.html,101,html,4bdd2da0,Vishal Rana,2025-10-02,13:28:19,-07:00,2025-10-02T13:28:19-07:00,3,2
resume/index.html,102,html,4bdd2da0,Vishal Rana,2025-10-02,13:28:19,-07:00,2025-10-02T13:28:19-07:00,4,87
resume/index.html,103,html,4bdd2da0,Vishal Rana,2025-10-02,13:28:19,-07:00,2025-10-02T13:28:19-07:00,4,93
resume/index.html,104,html,4bdd2da0,Vishal Rana,2025-10-02,13:28:19,-07:00,2025-10-02T13:28:19-07:00,3,3
resume/index.html,105,html,4bdd2da0,Vishal Rana,2025-10-02,13:28:19,-07:00,2025-10-02T13:28:19-07:00,2,8
resume/index.html,106,html,4bdd2da0,Vishal Rana,2025-10-02,13:28:19,-07:00,2025-10-02T13:28:19-07:00,1,8
resume/index.html,107,html,4bdd2da0,Vishal Rana,2025-10-02,13:28:19,-07:00,2025-10-02T13:28:19-07:00,0,0
resume/index.html,108,html,4bdd2da0,Vishal Rana,2025-10-02,13:28:19,-07:00,2025-10-02T13:28:19-07:00,1,7
resume/index.html,109,html,4bdd2da0,Vishal Rana,2025-10-02,13:28:19,-07:00,2025-10-02T13:28:19-07:00,2,13
resume/index.html,110,html,4bdd2da0,Vishal Rana,2025-10-02,13:28:19,-07:00,2025-10-02T13:28:19-07:00,2,2
resume/index.html,111,html,4bdd2da0,Vishal Rana,2025-10-02,13:28:19,-07:00,2025-10-02T13:28:19-07:00,2,2
resume/index.html,112,html,4bdd2da0,Vishal Rana,2025-10-02,13:28:19,-07:00,2025-10-02T13:28:19-07:00,3,59
resume/index.html,113,html,4bdd2da0,Vishal Rana,2025-10-02,13:28:19,-07:00,2025-10-02T13:28:19-07:00,3,66
resume/index.html,114,html,4bdd2da0,Vishal Rana,2025-10-02,13:28:19,-07:00,2025-10-02T13:28:19-07:00,3,226
resume/index.html,115,html,4bdd2da0,Vishal Rana,2025-10-02,13:28:19,-07:00,2025-10-02T13:28:19-07:00,2,3
resume/index.html,116,html,4bdd2da0,Vishal Rana,2025-10-02,13:28:19,-07:00,2025-10-02T13:28:19-07:00,1,8
resume/index.html,117,html,f0f04c88,Vishal Rana,2025-10-17,13:11:49,-07:00,2025-10-17T13:11:49-07:00,1,48
resume/index.html,118,html,f0f04c88,Vishal Rana,2025-10-17,13:11:49,-07:00,2025-10-17T13:11:49-07:00,0,0
resume/index.html,119,html,4bdd2da0,Vishal Rana,2025-10-02,13:28:19,-07:00,2025-10-02T13:28:19-07:00,0,5
resume/index.html,120,html,f8d50f34,vishal-rana-p,2025-10-03,17:34:04,-07:00,2025-10-03T17:34:04-07:00,0,5
projects/projects.js,1,js,ce2e8fec,Vishal Rana,2025-10-25,19:38:54,-07:00,2025-10-25T19:38:54-07:00,0,55
projects/projects.js,2,js,57c87954,Vishal Rana,2025-10-31,19:01:38,-07:00,2025-10-31T19:01:38-07:00,0,63
projects/projects.js,3,js,ce2e8fec,Vishal Rana,2025-10-25,19:38:54,-07:00,2025-10-25T19:38:54-07:00,0,55
projects/projects.js,4,js,ce2e8fec,Vishal Rana,2025-10-25,19:38:54,-07:00,2025-10-25T19:38:54-07:00,0,62
projects/projects.js,5,js,ce2e8fec,Vishal Rana,2025-10-25,19:38:54,-07:00,2025-10-25T19:38:54-07:00,0,18
projects/projects.js,6,js,ce2e8fec,Vishal Rana,2025-10-25,19:38:54,-07:00,2025-10-25T19:38:54-07:00,1,58
projects/projects.js,7,js,ce2e8fec,Vishal Rana,2025-10-25,19:38:54,-07:00,2025-10-25T19:38:54-07:00,0,0
projects/projects.js,8,js,ce2e8fec,Vishal Rana,2025-10-25,19:38:54,-07:00,2025-10-25T19:38:54-07:00,0,60
projects/projects.js,9,js,ce2e8fec,Vishal Rana,2025-10-25,19:38:54,-07:00,2025-10-25T19:38:54-07:00,0,48
projects/projects.js,10,js,57c87954,Vishal Rana,2025-10-31,19:01:38,-07:00,2025-10-31T19:01:38-07:00,0,0
projects/projects.js,11,js,57c87954,Vishal Rana,2025-10-31,19:01:38,-07:00,2025-10-31T19:01:38-07:00,0,13
projects/projects.js,12,js,57c87954,Vishal Rana,2025-10-31,19:01:38,-07:00,2025-10-31T19:01:38-07:00,0,55
projects/projects.js,13,js,57c87954,Vishal Rana,2025-10-31,19:01:38,-07:00,2025-10-31T19:01:38-07:00,0,9
projects/projects.js,14,js,57c87954,Vishal Rana,2025-10-31,19:01:38,-07:00,2025-10-31T19:01:38-07:00,0,13
projects/projects.js,15,js,57c87954,Vishal Rana,2025-10-31,19:01:38,-07:00,2025-10-31T19:01:38-07:00,0,21
projects/projects.js,16,js,57c87954,Vishal Rana,2025-10-31,19:01:38,-07:00,2025-10-31T19:01:38-07:00,0,40
projects/projects.js,17,js,57c87954,Vishal Rana,2025-10-31,19:01:38,-07:00,2025-10-31T19:01:38-07:00,0,38
projects/projects.js,18,js,57c87954,Vishal Rana,2025-10-31,19:01:38,-07:00,2025-10-31T19:01:38-07:00,1,25
projects/projects.js,19,js,57c87954,Vishal Rana,2025-10-31,19:01:38,-07:00,2025-10-31T19:01:38-07:00,1,29
projects/projects.js,20,js,57c87954,Vishal Rana,2025-10-31,19:01:38,-07:00,2025-10-31T19:01:38-07:00,2,12
projects/projects.js,21,js,57c87954,Vishal Rana,2025-10-31,19:01:38,-07:00,2025-10-31T19:01:38-07:00,2,14
projects/projects.js,22,js,57c87954,Vishal Rana,2025-10-31,19:01:38,-07:00,2025-10-31T19:01:38-07:00,2,11
projects/projects.js,23,js,57c87954,Vishal Rana,2025-10-31,19:01:38,-07:00,2025-10-31T19:01:38-07:00,1,0
projects/projects.js,24,js,57c87954,Vishal Rana,2025-10-31,19:01:38,-07:00,2025-10-31T19:01:38-07:00,0,0
projects/projects.js,25,js,57c87954,Vishal Rana,2025-10-31,19:01:38,-07:00,2025-10-31T19:01:38-07:00,1,18
projects/projects.js,26,js,57c87954,Vishal Rana,2025-10-31,19:01:38,-07:00,2025-10-31T19:01:38-07:00,1,50
projects/projects.js,27,js,57c87954,Vishal Rana,2025-10-31,19:01:38,-07:00,2025-10-31T19:01:38-07:00,2,35
projects/projects.js,28,js,57c87954,Vishal Rana,2025-10-31,19:01:38,-07:00,2025-10-31T19:01:38-07:00,1,1
projects/projects.js,29,js,57c87954,Vishal Rana,2025-10-31,19:01:38,-07:00,2025-10-31T19:01:38-07:00,0,0
projects/projects.js,30,js,57c87954,Vishal Rana,2025-10-31,19:01:38,-07:00,2025-10-31T19:01:38-07:00,1,50
projects/projects.js,31,js,57c87954,Vishal Rana,2025-10-31,19:01:38,-07:00,2025-10-31T19:01:38-07:00,1,53
projects/projects.js,32,js,57c87954,Vishal Rana,2025-10-31,19:01:38,-07:00,2025-10-31T19:01:38-07:00,1,38
projects/projects.js,33,js,57c87954,Vishal Rana,2025-10-31,19:01:38,-07:00,2025-10-31T19:01:38-07:00,0,0
projects/projects.js,34,js,57c87954,Vishal Rana,2025-10-31,19:01:38,-07:00,2025-10-31T19:01:38-07:00,1,60
projects/projects.js,35,js,57c87954,Vishal Rana,2025-10-31,19:01:38,-07:00,2025-10-31T19:01:38-07:00,0,0
projects/projects.js,36,js,57c87954,Vishal Rana,2025-10-31,19:01:38,-07:00,2025-10-31T19:01:38-07:00,1,33
projects/projects.js,37,js,57c87954,Vishal Rana,2025-10-31,19:01:38,-07:00,2025-10-31T19:01:38-07:00,1,36
projects/projects.js,38,js,57c87954,Vishal Rana,2025-10-31,19:01:38,-07:00,2025-10-31T19:01:38-07:00,1,26
projects/projects.js,39,js,57c87954,Vishal Rana,2025-10-31,19:01:38,-07:00,2025-10-31T19:01:38-07:00,0,0
projects/projects.js,40,js,57c87954,Vishal Rana,2025-10-31,19:01:38,-07:00,2025-10-31T19:01:38-07:00,1,32
projects/projects.js,41,js,57c87954,Vishal Rana,2025-10-31,19:01:38,-07:00,2025-10-31T19:01:38-07:00,1,29
projects/projects.js,42,js,57c87954,Vishal Rana,2025-10-31,19:01:38,-07:00,2025-10-31T19:01:38-07:00,0,0
projects/projects.js,43,js,57c87954,Vishal Rana,2025-10-31,19:01:38,-07:00,2025-10-31T19:01:38-07:00,1,53
projects/projects.js,44,js,57c87954,Vishal Rana,2025-10-31,19:01:38,-07:00,2025-10-31T19:01:38-07:00,1,9
projects/projects.js,45,js,57c87954,Vishal Rana,2025-10-31,19:01:38,-07:00,2025-10-31T19:01:38-07:00,2,13
projects/projects.js,46,js,57c87954,Vishal Rana,2025-10-31,19:01:38,-07:00,2025-10-31T19:01:38-07:00,2,34
projects/projects.js,47,js,57c87954,Vishal Rana,2025-10-31,19:01:38,-07:00,2025-10-31T19:01:38-07:00,2,62
projects/projects.js,48,js,57c87954,Vishal Rana,2025-10-31,19:01:38,-07:00,2025-10-31T19:01:38-07:00,0,0
projects/projects.js,49,js,57c87954,Vishal Rana,2025-10-31,19:01:38,-07:00,2025-10-31T19:01:38-07:00,1,16
projects/projects.js,50,js,57c87954,Vishal Rana,2025-10-31,19:01:38,-07:00,2025-10-31T19:01:38-07:00,1,1
projects/projects.js,51,js,57c87954,Vishal Rana,2025-10-31,19:01:38,-07:00,2025-10-31T19:01:38-07:00,2,16
projects/projects.js,52,js,57c87954,Vishal Rana,2025-10-31,19:01:38,-07:00,2025-10-31T19:01:38-07:00,2,15
projects/projects.js,53,js,57c87954,Vishal Rana,2025-10-31,19:01:38,-07:00,2025-10-31T19:01:38-07:00,2,6
projects/projects.js,54,js,57c87954,Vishal Rana,2025-10-31,19:01:38,-07:00,2025-10-31T19:01:38-07:00,2,13
projects/projects.js,55,js,57c87954,Vishal Rana,2025-10-31,19:01:38,-07:00,2025-10-31T19:01:38-07:00,2,25
projects/projects.js,56,js,57c87954,Vishal Rana,2025-10-31,19:01:38,-07:00,2025-10-31T19:01:38-07:00,2,40
projects/projects.js,57,js,57c87954,Vishal Rana,2025-10-31,19:01:38,-07:00,2025-10-31T19:01:38-07:00,2,31
projects/projects.js,58,js,57c87954,Vishal Rana,2025-10-31,19:01:38,-07:00,2025-10-31T19:01:38-07:00,3,49
projects/projects.js,59,js,57c87954,Vishal Rana,2025-10-31,19:01:38,-07:00,2025-10-31T19:01:38-07:00,3,50
projects/projects.js,60,js,57c87954,Vishal Rana,2025-10-31,19:01:38,-07:00,2025-10-31T19:01:38-07:00,3,11
projects/projects.js,61,js,57c87954,Vishal Rana,2025-10-31,19:01:38,-07:00,2025-10-31T19:01:38-07:00,3,47
projects/projects.js,62,js,57c87954,Vishal Rana,2025-10-31,19:01:38,-07:00,2025-10-31T19:01:38-07:00,0,0
projects/projects.js,63,js,57c87954,Vishal Rana,2025-10-31,19:01:38,-07:00,2025-10-31T19:01:38-07:00,1,19
projects/projects.js,64,js,57c87954,Vishal Rana,2025-10-31,19:01:38,-07:00,2025-10-31T19:01:38-07:00,2,26
projects/projects.js,65,js,57c87954,Vishal Rana,2025-10-31,19:01:38,-07:00,2025-10-31T19:01:38-07:00,3,68
projects/projects.js,66,js,57c87954,Vishal Rana,2025-10-31,19:01:38,-07:00,2025-10-31T19:01:38-07:00,3,50
projects/projects.js,67,js,57c87954,Vishal Rana,2025-10-31,19:01:38,-07:00,2025-10-31T19:01:38-07:00,2,1
projects/projects.js,68,js,57c87954,Vishal Rana,2025-10-31,19:01:38,-07:00,2025-10-31T19:01:38-07:00,1,20
projects/projects.js,69,js,57c87954,Vishal Rana,2025-10-31,19:01:38,-07:00,2025-10-31T19:01:38-07:00,2,24
projects/projects.js,70,js,57c87954,Vishal Rana,2025-10-31,19:01:38,-07:00,2025-10-31T19:01:38-07:00,3,64
projects/projects.js,71,js,57c87954,Vishal Rana,2025-10-31,19:01:38,-07:00,2025-10-31T19:01:38-07:00,2,30
projects/projects.js,72,js,57c87954,Vishal Rana,2025-10-31,19:01:38,-07:00,2025-10-31T19:01:38-07:00,0,0
projects/projects.js,73,js,57c87954,Vishal Rana,2025-10-31,19:01:38,-07:00,2025-10-31T19:01:38-07:00,2,16
projects/projects.js,74,js,57c87954,Vishal Rana,2025-10-31,19:01:38,-07:00,2025-10-31T19:01:38-07:00,1,19
projects/projects.js,75,js,57c87954,Vishal Rana,2025-10-31,19:01:38,-07:00,2025-10-31T19:01:38-07:00,1,25
projects/projects.js,76,js,57c87954,Vishal Rana,2025-10-31,19:01:38,-07:00,2025-10-31T19:01:38-07:00,2,29
projects/projects.js,77,js,57c87954,Vishal Rana,2025-10-31,19:01:38,-07:00,2025-10-31T19:01:38-07:00,2,26
projects/projects.js,78,js,57c87954,Vishal Rana,2025-10-31,19:01:38,-07:00,2025-10-31T19:01:38-07:00,1,6
projects/projects.js,79,js,57c87954,Vishal Rana,2025-10-31,19:01:38,-07:00,2025-10-31T19:01:38-07:00,2,58
projects/projects.js,80,js,57c87954,Vishal Rana,2025-10-31,19:01:38,-07:00,2025-10-31T19:01:38-07:00,2,78
projects/projects.js,81,js,57c87954,Vishal Rana,2025-10-31,19:01:38,-07:00,2025-10-31T19:01:38-07:00,2,62
projects/projects.js,82,js,57c87954,Vishal Rana,2025-10-31,19:01:38,-07:00,2025-10-31T19:01:38-07:00,1,0
projects/projects.js,83,js,57c87954,Vishal Rana,2025-10-31,19:01:38,-07:00,2025-10-31T19:01:38-07:00,1,56
projects/projects.js,84,js,57c87954,Vishal Rana,2025-10-31,19:01:38,-07:00,2025-10-31T19:01:38-07:00,2,1
projects/projects.js,85,js,57c87954,Vishal Rana,2025-10-31,19:01:38,-07:00,2025-10-31T19:01:38-07:00,0,0
projects/projects.js,86,js,57c87954,Vishal Rana,2025-10-31,19:01:38,-07:00,2025-10-31T19:01:38-07:00,1,12
projects/projects.js,87,js,57c87954,Vishal Rana,2025-10-31,19:01:38,-07:00,2025-10-31T19:01:38-07:00,1,22
projects/projects.js,88,js,57c87954,Vishal Rana,2025-10-31,19:01:38,-07:00,2025-10-31T19:01:38-07:00,2,4
projects/projects.js,89,js,57c87954,Vishal Rana,2025-10-31,19:01:38,-07:00,2025-10-31T19:01:38-07:00,3,11
projects/projects.js,90,js,57c87954,Vishal Rana,2025-10-31,19:01:38,-07:00,2025-10-31T19:01:38-07:00,3,27
projects/projects.js,91,js,57c87954,Vishal Rana,2025-10-31,19:01:38,-07:00,2025-10-31T19:01:38-07:00,3,42
projects/projects.js,92,js,57c87954,Vishal Rana,2025-10-31,19:01:38,-07:00,2025-10-31T19:01:38-07:00,3,69
projects/projects.js,93,js,57c87954,Vishal Rana,2025-10-31,19:01:38,-07:00,2025-10-31T19:01:38-07:00,1,1
projects/projects.js,94,js,57c87954,Vishal Rana,2025-10-31,19:01:38,-07:00,2025-10-31T19:01:38-07:00,0,0
projects/projects.js,95,js,57c87954,Vishal Rana,2025-10-31,19:01:38,-07:00,2025-10-31T19:01:38-07:00,0,29
projects/projects.js,96,js,57c87954,Vishal Rana,2025-10-31,19:01:38,-07:00,2025-10-31T19:01:38-07:00,1,31
projects/projects.js,97,js,57c87954,Vishal Rana,2025-10-31,19:01:38,-07:00,2025-10-31T19:01:38-07:00,1,27
projects/projects.js,98,js,57c87954,Vishal Rana,2025-10-31,19:01:38,-07:00,2025-10-31T19:01:38-07:00,2,35
projects/projects.js,99,js,57c87954,Vishal Rana,2025-10-31,19:01:38,-07:00,2025-10-31T19:01:38-07:00,1,0
projects/projects.js,100,js,57c87954,Vishal Rana,2025-10-31,19:01:38,-07:00,2025-10-31T19:01:38-07:00,0,0
projects/projects.js,101,js,57c87954,Vishal Rana,2025-10-31,19:01:38,-07:00,2025-10-31T19:01:38-07:00,0,32
projects/projects.js,102,js,57c87954,Vishal Rana,2025-10-31,19:01:38,-07:00,2025-10-31T19:01:38-07:00,0,23
projects/projects.js,103,js,57c87954,Vishal Rana,2025-10-31,19:01:38,-07:00,2025-10-31T19:01:38-07:00,0,0
projects/projects.js,104,js,57c87954,Vishal Rana,2025-10-31,19:01:38,-07:00,2025-10-31T19:01:38-07:00,0,48
projects/projects.js,105,js,57c87954,Vishal Rana,2025-10-31,19:01:38,-07:00,2025-10-31T19:01:38-07:00,1,50
projects/projects.js,106,js,57c87954,Vishal Rana,2025-10-31,19:01:38,-07:00,2025-10-31T19:01:38-07:00,0,0
projects/projects.js,107,js,57c87954,Vishal Rana,2025-10-31,19:01:38,-07:00,2025-10-31T19:01:38-07:00,1,52
projects/projects.js,108,js,57c87954,Vishal Rana,2025-10-31,19:01:38,-07:00,2025-10-31T19:01:38-07:00,1,56
projects/projects.js,109,js,57c87954,Vishal Rana,2025-10-31,19:01:38,-07:00,2025-10-31T19:01:38-07:00,1,31
projects/projects.js,110,js,57c87954,Vishal Rana,2025-10-31,19:01:38,-07:00,2025-10-31T19:01:38-07:00,0,1
projects/index.html,1,html,4bdd2da0,Vishal Rana,2025-10-02,13:28:19,-07:00,2025-10-02T13:28:19-07:00,0,13
projects/index.html,2,html,4bdd2da0,Vishal Rana,2025-10-02,13:28:19,-07:00,2025-10-02T13:28:19-07:00,0,14
projects/index.html,3,html,4bdd2da0,Vishal Rana,2025-10-02,13:28:19,-07:00,2025-10-02T13:28:19-07:00,0,4
projects/index.html,4,html,4bdd2da0,Vishal Rana,2025-10-02,13:28:19,-07:00,2025-10-02T13:28:19-07:00,2,20
projects/index.html,5,html,4bdd2da0,Vishal Rana,2025-10-02,13:28:19,-07:00,2025-10-02T13:28:19-07:00,2,68
projects/index.html,6,html,4bdd2da0,Vishal Rana,2025-10-02,13:28:19,-07:00,2025-10-02T13:28:19-07:00,2,21
projects/index.html,7,html,f5b7afdd,Vishal Rana,2025-10-10,18:42:24,-07:00,2025-10-10T18:42:24-07:00,2,41
projects/index.html,8,html,4bdd2da0,Vishal Rana,2025-10-02,13:28:19,-07:00,2025-10-02T13:28:19-07:00,0,5
projects/index.html,9,html,4bdd2da0,Vishal Rana,2025-10-02,13:28:19,-07:00,2025-10-02T13:28:19-07:00,0,4
projects/index.html,10,html,e64f7545,Vishal Rana,2025-10-03,17:12:03,-07:00,2025-10-03T17:12:03-07:00,3,0
projects/index.html,11,html,ce2e8fec,Vishal Rana,2025-10-25,19:38:54,-07:00,2025-10-25T19:38:54-07:00,2,38
projects/index.html,12,html,57c87954,Vishal Rana,2025-10-31,19:01:38,-07:00,2025-10-31T19:01:38-07:00,2,4
projects/index.html,13,html,57c87954,Vishal Rana,2025-10-31,19:01:38,-07:00,2025-10-31T19:01:38-07:00,3,15
projects/index.html,14,html,57c87954,Vishal Rana,2025-10-31,19:01:38,-07:00,2025-10-31T19:01:38-07:00,3,11
projects/index.html,15,html,57c87954,Vishal Rana,2025-10-31,19:01:38,-07:00,2025-10-31T19:01:38-07:00,3,26
projects/index.html,16,html,57c87954,Vishal Rana,2025-10-31,19:01:38,-07:00,2025-10-31T19:01:38-07:00,3,31
projects/index.html,17,html,57c87954,Vishal Rana,2025-10-31,19:01:38,-07:00,2025-10-31T19:01:38-07:00,2,0
projects/index.html,18,html,57c87954,Vishal Rana,2025-10-31,19:01:38,-07:00,2025-10-31T19:01:38-07:00,2,21
projects/index.html,19,html,57c87954,Vishal Rana,2025-10-31,19:01:38,-07:00,2025-10-31T19:01:38-07:00,4,54
projects/index.html,20,html,57c87954,Vishal Rana,2025-10-31,19:01:38,-07:00,2025-10-31T19:01:38-07:00,4,22
projects/index.html,21,html,57c87954,Vishal Rana,2025-10-31,19:01:38,-07:00,2025-10-31T19:01:38-07:00,2,4
projects/index.html,22,html,f5b7afdd,Vishal Rana,2025-10-10,18:42:24,-07:00,2025-10-10T18:42:24-07:00,2,20
projects/index.html,23,html,ce2e8fec,Vishal Rana,2025-10-25,19:38:54,-07:00,2025-10-25T19:38:54-07:00,4,48
projects/index.html,24,html,ce2e8fec,Vishal Rana,2025-10-25,19:38:54,-07:00,2025-10-25T19:38:54-07:00,4,47
projects/index.html,25,html,ce2e8fec,Vishal Rana,2025-10-25,19:38:54,-07:00,2025-10-25T19:38:54-07:00,0,0
projects/index.html,26,html,57c87954,Vishal Rana,2025-10-31,19:01:38,-07:00,2025-10-31T19:01:38-07:00,2,4
projects/index.html,27,html,f0f04c88,Vishal Rana,2025-10-17,13:11:49,-07:00,2025-10-17T13:11:49-07:00,2,48
projects/index.html,28,html,ce2e8fec,Vishal Rana,2025-10-25,19:38:54,-07:00,2025-10-25T19:38:54-07:00,2,50
projects/index.html,29,html,f5b7afdd,Vishal Rana,2025-10-10,18:42:24,-07:00,2025-10-10T18:42:24-07:00,0,0
projects/index.html,30,html,57c87954,Vishal Rana,2025-10-31,19:01:38,-07:00,2025-10-31T19:01:38-07:00,0,0
projects/index.html,31,html,57c87954,Vishal Rana,2025-10-31,19:01:38,-07:00,2025-10-31T19:01:38-07:00,3,0
projects/index.html,32,html,4bdd2da0,Vishal Rana,2025-10-02,13:28:19,-07:00,2025-10-02T13:28:19-07:00,0,5
projects/index.html,33,html,6af10a45,vishal-rana-p,2025-10-03,17:33:36,-07:00,2025-10-03T17:33:36-07:00,0,5
contact/index.html,1,html,4bdd2da0,Vishal Rana,2025-10-02,13:28:19,-07:00,2025-10-02T13:28:19-07:00,0,13
contact/index.html,2,html,4bdd2da0,Vishal Rana,2025-10-02,13:28:19,-07:00,2025-10-02T13:28:19-07:00,0,14
contact/index.html,3,html,4bdd2da0,Vishal Rana,2025-10-02,13:28:19,-07:00,2025-10-02T13:28:19-07:00,0,4
contact/index.html,4,html,4bdd2da0,Vishal Rana,2025-10-02,13:28:19,-07:00,2025-10-02T13:28:19-07:00,2,20
contact/index.html,5,html,4bdd2da0,Vishal Rana,2025-10-02,13:28:19,-07:00,2025-10-02T13:28:19-07:00,2,68
contact/index.html,6,html,4bdd2da0,Vishal Rana,2025-10-02,13:28:19,-07:00,2025-10-02T13:28:19-07:00,2,21
contact/index.html,7,html,56d2e576,Vishal Rana,2025-10-10,15:46:03,-07:00,2025-10-10T15:46:03-07:00,2,41
contact/index.html,8,html,4bdd2da0,Vishal Rana,2025-10-02,13:28:19,-07:00,2025-10-02T13:28:19-07:00,0,5
contact/index.html,9,html,4bdd2da0,Vishal Rana,2025-10-02,13:28:19,-07:00,2025-10-02T13:28:19-07:00,0,4
contact/index.html,10,html,43f1f1e2,Vishal Rana,2025-10-17,15:13:55,-07:00,2025-10-17T15:13:55-07:00,2,0
contact/index.html,11,html,e64f7545,Vishal Rana,2025-10-03,17:12:03,-07:00,2025-10-03T17:12:03-07:00,3,0
contact/index.html,12,html,4bdd2da0,Vishal Rana,2025-10-02,13:28:19,-07:00,2025-10-02T13:28:19-07:00,2,14
contact/index.html,13,html,4bdd2da0,Vishal Rana,2025-10-02,13:28:19,-07:00,2025-10-02T13:28:19-07:00,2,78
contact/index.html,14,html,4bdd2da0,Vishal Rana,2025-10-02,13:28:19,-07:00,2025-10-02T13:28:19-07:00,4,5
contact/index.html,15,html,4bdd2da0,Vishal Rana,2025-10-02,13:28:19,-07:00,2025-10-02T13:28:19-07:00,6,37
contact/index.html,16,html,4bdd2da0,Vishal Rana,2025-10-02,13:28:19,-07:00,2025-10-02T13:28:19-07:00,5,6
contact/index.html,17,html,4bdd2da0,Vishal Rana,2025-10-02,13:28:19,-07:00,2025-10-02T13:28:19-07:00,3,0
contact/index.html,18,html,4bdd2da0,Vishal Rana,2025-10-02,13:28:19,-07:00,2025-10-02T13:28:19-07:00,5,5
contact/index.html,19,html,4bdd2da0,Vishal Rana,2025-10-02,13:28:19,-07:00,2025-10-02T13:28:19-07:00,6,28
contact/index.html,20,html,4bdd2da0,Vishal Rana,2025-10-02,13:28:19,-07:00,2025-10-02T13:28:19-07:00,5,6
contact/index.html,21,html,4bdd2da0,Vishal Rana,2025-10-02,13:28:19,-07:00,2025-10-02T13:28:19-07:00,3,0
contact/index.html,22,html,4bdd2da0,Vishal Rana,2025-10-02,13:28:19,-07:00,2025-10-02T13:28:19-07:00,5,5
contact/index.html,23,html,4bdd2da0,Vishal Rana,2025-10-02,13:28:19,-07:00,2025-10-02T13:28:19-07:00,6,39
contact/index.html,24,html,4bdd2da0,Vishal Rana,2025-10-02,13:28:19,-07:00,2025-10-02T13:28:19-07:00,5,6
contact/index.html,25,html,4bdd2da0,Vishal Rana,2025-10-02,13:28:19,-07:00,2025-10-02T13:28:19-07:00,5,19
contact/index.html,26,html,4bdd2da0,Vishal Rana,2025-10-02,13:28:19,-07:00,2025-10-02T13:28:19-07:00,2,5
contact/index.html,27,html,f0f04c88,Vishal Rana,2025-10-17,13:11:49,-07:00,2025-10-17T13:11:49-07:00,2,48
contact/index.html,28,html,f0f04c88,Vishal Rana,2025-10-17,13:11:49,-07:00,2025-10-17T13:11:49-07:00,0,0
contact/index.html,29,html,4bdd2da0,Vishal Rana,2025-10-02,13:28:19,-07:00,2025-10-02T13:28:19-07:00,0,5
contact/index.html,30,html,896321d4,vishal-rana-p,2025-10-03,17:33:06,-07:00,2025-10-03T17:33:06-07:00,0,5
contact/index.html,31,html,56d2e576,Vishal Rana,2025-10-10,15:46:03,-07:00,2025-10-10T15:46:03-07:00,0,0
